Numero,Sesso,Comune di Nascita,Sigla Comune Nascita,Data Nascita,Comune di  Morte,Sigla Comune Morte,Data  Morte,Ora Morte,Data Atto,Comune di Residenza,Sigla Residenza,Giorno Morte,Anno Morte,Mese Morte,Eta Morte
1,F,San Giovanni Rotondo,FG,02/03/1952,Foggia,FG,30/12/2023,10:00:00,01/01/2024,Volturino,FG,Sabato,2023,Dicembre,71
2,M,Squinzano,LE,11/10/1958,Foggia,FG,31/12/2023,00:50:00,01/01/2024,Squinzano,LE,Domenica,2023,Dicembre,65
3,M,Celenza Valfortore,FG,04/03/1934,Foggia,FG,31/12/2023,10:30:00,01/01/2024,Celenza Valfortore,FG,Domenica,2023,Dicembre,89
4,M,Lesina,FG,25/01/1944,Foggia,FG,30/12/2023,17:21:00,01/01/2024,Lesina,FG,Sabato,2023,Dicembre,79
5,M,Carapelle,FG,15/05/1937,Foggia,FG,31/12/2023,13:15:00,02/01/2024,Carapelle,FG,Domenica,2023,Dicembre,86
6,M,Canosa Di Puglia,BT,01/04/1959,Foggia,FG,01/01/2024,10:55:00,02/01/2024,Canosa Di Puglia,BT,Lunedi,2024,Gennaio,64
7,M,Lucera,FG,30/11/1971,Foggia,FG,30/12/2023,17:15:00,02/01/2024,Lucera,FG,Sabato,2023,Dicembre,52
8,M,Foggia,FG,18/09/1942,Foggia,FG,31/12/2023,23:10:00,02/01/2024,Troia,FG,Domenica,2023,Dicembre,81
9,M,Pietramontecorvino,FG,30/10/1933,Foggia,FG,02/01/2024,06:00:00,03/01/2024,Pietramontecorvino,FG,Martedi,2024,Gennaio,90
10,M,Pietramontecorvino,FG,05/11/1958,Foggia,FG,02/01/2024,00:52:00,03/01/2024,Pietramontecorvino,FG,Martedi,2024,Gennaio,65
11,M,Foggia,FG,13/11/1975,Foggia,FG,03/01/2024,01:10:00,04/01/2024,Anagraficamente Irreperibile,nd,Mercoledi,2024,Gennaio,48
12,M,Vico Del Gargano,FG,06/08/1941,Foggia,FG,03/01/2024,14:11:00,04/01/2024,Vico Del Gargano,FG,Mercoledi,2024,Gennaio,82
13,M,Cerignola,FG,24/09/1946,Foggia,FG,05/01/2024,09:00:00,06/01/2024,Cerignola,FG,Venerdi,2024,Gennaio,77
14,M,Lacedonia,AV,01/12/1933,Foggia,FG,05/01/2024,17:45:00,06/01/2024,Ascoli Satriano,FG,Venerdi,2024,Gennaio,90
15,F,Volturara Appula,FG,11/08/1935,Foggia,FG,05/01/2024,13:10:00,06/01/2024,Volturara Appula,FG,Venerdi,2024,Gennaio,88
16,F,Cerignola,FG,11/08/1942,Foggia,FG,06/01/2024,12:25:00,08/01/2024,Cerignola,FG,Sabato,2024,Gennaio,81
17,M,Biccari,FG,05/05/1942,Foggia,FG,07/01/2024,01:20:00,08/01/2024,Troia,FG,Domenica,2024,Gennaio,81
18,M,San Severo,FG,09/05/1958,Foggia,FG,07/01/2024,05:00:00,08/01/2024,San Severo,FG,Domenica,2024,Gennaio,65
19,M,Lucera,FG,26/12/1933,Foggia,FG,08/01/2024,06:17:00,09/01/2024,Lucera,FG,Lunedi,2024,Gennaio,90
20,M,Rodi Garganico,FG,14/10/1951,Foggia,FG,08/01/2024,15:10:00,09/01/2024,Rodi Garganico,FG,Lunedi,2024,Gennaio,72
21,F,Celenza Valfortore,FG,05/06/1943,Foggia,FG,08/01/2024,11:30:00,09/01/2024,Celenza Valfortore,FG,Luned ,2024,Gennaio,80
22,M,Vieste,FG,07/06/1939,Foggia,FG,08/01/2024,21:05:00,10/01/2024,Vieste,FG,Luned ,2024,Gennaio,84
23,F,Rignano Garganico,FG,04/04/1953,Foggia,FG,09/01/2024,11:20:00,10/01/2024,Rignano Garganico,FG,Marted ,2024,Gennaio,70
24,F,Biccari,FG,06/12/1965,Foggia,FG,09/01/2024,15:25:00,10/01/2024,Biccari,FG,Marted ,2024,Gennaio,58
25,F,Avellino,AV,08/07/1940,Foggia,FG,10/01/2024,01:10:00,11/01/2024,Carapelle,FG,Mercoled ,2024,Gennaio,83
26,M,Lucera,FG,31/12/1940,Foggia,FG,10/01/2024,14:57:00,11/01/2024,Lucera,FG,Mercoled ,2024,Gennaio,83
27,F,Listeava -Com. Di Ostroveni,nd,13/12/1939,Foggia,FG,09/01/2024,09:15:00,11/01/2024,Sadova,nd,Marted ,2024,Gennaio,84
28,M,Napoli,NA,23/10/1957,Foggia,FG,09/01/2024,18:20:00,11/01/2024,Vieste,FG,Marted ,2024,Gennaio,66
29,M,Foggia,FG,16/02/1962,Foggia,FG,11/01/2024,07:15:00,12/01/2024,Manfredonia,FG,Giovedi,2024,Gennaio,61
30,F,Frattaminore,NA,06/11/1976,Foggia,FG,11/01/2024,02:23:00,12/01/2024,Arzano,NA,Giovedi,2024,Gennaio,47
31,M,Vignole Borbera,AL,23/01/1947,Foggia,FG,11/01/2024,12:20:00,12/01/2024,Rocchetta Sant'Antonio,FG,Gioved ,2024,Gennaio,76
32,M,San Severo,FG,15/05/1955,Foggia,FG,12/01/2024,05:39:00,13/01/2024,San Severo,FG,Venerd ,2024,Gennaio,68
33,M,Pietramontecorvino,FG,08/10/1938,Foggia,FG,12/01/2024,05:45:00,13/01/2024,Lucera,FG,Venerd ,2024,Gennaio,85
34,M,Anzano Di Puglia,FG,13/03/1947,Foggia,FG,12/01/2024,16:41:00,13/01/2024,Anzano Di Puglia,FG,Venerd ,2024,Gennaio,76
35,M,Venosa,PZ,25/02/1937,Foggia,FG,12/01/2024,05:50:00,13/01/2024,Venosa,PZ,Venerd ,2024,Gennaio,86
36,M,Foggia,FG,18/01/1971,Foggia,FG,12/01/2024,20:53:00,13/01/2024,Anzano Di Puglia,FG,Venerd ,2024,Gennaio,52
37,M,Lucera,FG,25/04/1942,Foggia,FG,13/01/2024,23:29:00,15/01/2024,Lucera,FG,Sabato,2024,Gennaio,81
38,F,Lucera,FG,12/07/1939,Foggia,FG,13/01/2024,05:40:00,15/01/2024,Lucera,FG,Sabato,2024,Gennaio,84
39,M,Apricena,FG,03/08/1955,Foggia,FG,13/01/2024,20:45:00,15/01/2024,Apricena,FG,Sabato,2024,Gennaio,68
40,F,Stornara,FG,21/12/1947,Foggia,FG,14/01/2024,15:50:00,15/01/2024,Stornara,FG,Domenica,2024,Gennaio,76
41,F,Cerignola,FG,13/06/1936,Foggia,FG,14/01/2024,08:35:00,15/01/2024,Cerignola,FG,Domenica,2024,Gennaio,87
42,M,Carapelle,FG,01/11/1957,Foggia,FG,13/01/2024,22:50:00,16/01/2024,Carapelle,FG,Sabato,2024,Gennaio,66
43,M,Cerda,PA,15/11/1932,Foggia,FG,15/01/2024,08:30:00,16/01/2024,Manfredonia,FG,Luned ,2024,Gennaio,91
44,M,Orsara Di Puglia,FG,26/11/1934,Foggia,FG,16/01/2024,11:46:00,17/01/2024,Deliceto,FG,Marted ,2024,Gennaio,89
45,F,Bovino,FG,17/07/1958,Foggia,FG,15/01/2024,20:25:00,17/01/2024,Bovino,FG,Luned ,2024,Gennaio,65
46,M,Cerignola,FG,20/05/1967,Foggia,FG,16/01/2024,09:09:00,17/01/2024,Non Disponibile,nd,Marted ,2024,Gennaio,56
47,M,Montesano Sulla Marcellana,SA,12/05/1949,Foggia,FG,16/01/2024,03:30:00,17/01/2024,Apricena,FG,Marted ,2024,Gennaio,74
48,M,Ariano Irpino,AV,06/08/1939,Foggia,FG,17/01/2024,12:36:00,18/01/2024,Ariano Irpino,AV,Mercoled ,2024,Gennaio,84
49,M,Manfredonia,FG,18/07/1938,Hagen - Westfalen-,nd,24/12/2023,Non Disponibile,18/01/2024,Hagen,nd,Domenica,2023,Dicembre,85
50,M,Foggia,FG,25/04/1936,Foggia,FG,17/01/2024,08:18:00,18/01/2024,Lucera,FG,Mercoled ,2024,Gennaio,87
51,F,Bovino,FG,31/05/1939,Foggia,FG,18/01/2024,13:10:00,19/01/2024,Bovino,FG,Gioved ,2024,Gennaio,84
52,F,Ucraina,nd,01/06/1984,Foggia,FG,06/07/2022,22:40:00,19/01/2024,Ucraina,nd,Mercoled ,2022,Luglio,38
53,M,Foggia,FG,07/01/1941,Dornach,nd,06/10/2023,Non Disponibile,19/01/2024,Reinach,nd,Venerd ,2023,Ottobre,82
54,F,Pietramontecorvino,FG,03/07/1932,Foggia,FG,17/01/2024,20:30:00,19/01/2024,Pietramontecorvino,FG,Mercoled ,2024,Gennaio,91
55,F,Giovinazzo,BA,15/04/1938,Foggia,FG,20/01/2024,15:50:00,22/01/2024,Giovinazzo,BA,Sabato,2024,Gennaio,85
56,F,Panni,FG,04/12/1945,Foggia,FG,19/01/2024,21:10:00,22/01/2024,Bovino,FG,Venerd ,2024,Gennaio,78
57,F,Apricena,FG,31/08/1951,Foggia,FG,21/01/2024,11:00:00,22/01/2024,Apricena,FG,Domenica,2024,Gennaio,72
58,M,Bovino,FG,09/02/1943,Foggia,FG,21/01/2024,03:35:00,22/01/2024,Bovino,FG,Domenica,2024,Gennaio,80
59,F,Cerignola,FG,25/09/1980,Foggia,FG,22/01/2024,12:55:00,23/01/2024,Cerignola,FG,Luned ,2024,Gennaio,43
60,F,Volturino,FG,09/03/1942,Foggia,FG,23/01/2024,06:42:00,24/01/2024,Lucera,FG,Marted ,2024,Gennaio,81
61,F,Lucera,FG,01/07/1941,Foggia,FG,23/01/2024,05:40:00,24/01/2024,Lucera,FG,Marted ,2024,Gennaio,82
62,F,Vieste,FG,01/06/1957,Foggia,FG,23/01/2024,19:45:00,25/01/2024,Accadia,FG,Marted ,2024,Gennaio,66
63,F,Castelluccio Dei Sauri,FG,14/04/1932,Foggia,FG,24/01/2024,02:13:00,25/01/2024,Castelluccio Dei Sauri,FG,Mercoled ,2024,Gennaio,91
64,M,Barletta,BT,04/07/1967,Foggia,FG,24/01/2024,14:20:00,25/01/2024,Barletta,BT,Mercoled ,2024,Gennaio,56
65,M,Tarnow,nd,27/05/1976,Foggia,FG,11/01/2024,22:37:00,25/01/2024,Non Risulta,nd,Gioved ,2024,Gennaio,47
66,F,Bisaccia,AV,17/02/1935,Foggia,FG,24/01/2024,07:17:00,25/01/2024,Orta Nova,FG,Mercoled ,2024,Gennaio,88
67,M,Lucera,FG,24/10/1942,Foggia,FG,24/01/2024,15:07:00,25/01/2024,Lucera,FG,Mercoled ,2024,Gennaio,81
68,M,Vico Del Gargano,FG,12/05/1943,Foggia,FG,25/01/2024,13:08:00,26/01/2024,Ischitella,FG,Gioved ,2024,Gennaio,80
69,F,Deliceto,FG,06/10/1953,Foggia,FG,25/01/2024,19:31:00,26/01/2024,Peschici,FG,Gioved ,2024,Gennaio,70
70,M,Monte Sant'Angelo,FG,28/01/1937,Foggia,FG,25/01/2024,18:07:00,26/01/2024,Manfredonia,FG,Gioved ,2024,Gennaio,86
71,M,Volturino,FG,14/02/1943,Foggia,FG,27/01/2024,21:35:00,29/01/2024,Lucera,FG,Sabato,2024,Gennaio,80
72,M,Pietramontecorvino,FG,20/02/1960,Foggia,FG,28/01/2024,10:45:00,29/01/2024,Pietramontecorvino,FG,Domenica,2024,Gennaio,63
73,F,Manfredonia,FG,28/01/1932,Foggia,FG,27/01/2024,00:57:00,29/01/2024,Zapponeta,FG,Sabato,2024,Gennaio,91
74,F,Troia,FG,16/01/1930,Foggia,FG,26/01/2024,23:54:00,29/01/2024,Lucera,FG,Venerd ,2024,Gennaio,94
75,M,Cairano,AV,23/11/1955,Foggia,FG,27/01/2024,22:45:00,29/01/2024,Ascoli Satriano,FG,Sabato,2024,Gennaio,68
76,M,Ascoli Satriano,FG,12/03/1947,Foggia,FG,27/01/2024,14:15:00,29/01/2024,Ascoli Satriano,FG,Sabato,2024,Gennaio,76
77,M,Colobraro,MT,06/04/1936,Foggia,FG,29/01/2024,01:05:00,30/01/2024,Sant'Agata Di Puglia,FG,Luned ,2024,Gennaio,87
78,M,Matera,MT,12/05/1969,Foggia,FG,27/01/2024,06:30:00,31/01/2024,Matera,MT,Sabato,2024,Gennaio,54
79,M,Ariano Irpino,AV,17/06/1962,Foggia,FG,31/01/2024,07:47:00,01/02/2024,Monteleone Di Puglia,FG,Mercoled ,2024,Gennaio,61
80,M,Orsara Di Puglia,FG,01/09/1934,Foggia,FG,31/01/2024,07:15:00,01/02/2024,Orsara Di Puglia,FG,Mercoled ,2024,Gennaio,89
81,M,Orsara Di Puglia,FG,18/04/1968,Foggia,FG,02/02/2024,06:30:00,03/02/2024,Orsara Di Puglia,FG,Venerd ,2024,Febbraio,55
82,M,Ascoli Satriano,FG,14/12/1934,Foggia,FG,03/02/2024,01:50:00,05/02/2024,Ascoli Satriano,FG,Sabato,2024,Febbraio,89
83,M,Pietramontecorvino,FG,16/07/1930,Foggia,FG,04/02/2024,02:30:00,05/02/2024,Pietramontecorvino,FG,Domenica,2024,Febbraio,93
84,F,Oria,BR,19/05/1940,Foggia,FG,05/02/2024,17:38:00,06/02/2024,Oria,BR,Luned ,2024,Febbraio,83
85,M,San Felice A Cancello,CE,26/05/1975,Foggia,FG,06/02/2024,08:10:00,06/02/2024,San Felice A Cancello,CE,Marted ,2024,Febbraio,48
86,M,Foggia,FG,30/07/1978,Foggia,FG,06/02/2024,01:50:00,07/02/2024,Orsara Di Puglia,FG,Marted ,2024,Febbraio,45
87,M,Castelluccio Valmaggiore,FG,01/11/1948,Foggia,FG,06/02/2024,09:40:00,07/02/2024,Castelluccio Valmaggiore,FG,Marted ,2024,Febbraio,75
88,M,Lucera,FG,03/04/1940,Foggia,FG,07/02/2024,05:50:00,07/02/2024,Lucera,FG,Mercoled ,2024,Febbraio,83
89,M,Deliceto,FG,05/01/1938,Foggia,FG,07/02/2024,00:45:00,08/02/2024,Deliceto,FG,Mercoled ,2024,Febbraio,86
90,M,San Giovanni Rotondo,FG,06/03/1989,Foggia,FG,25/01/2024,22:00:00,09/02/2024,Biccari,FG,Gioved ,2024,Gennaio,34
91,M,Napoli,NA,18/12/1971,Foggia,FG,09/02/2024,20:30:00,10/02/2024,Manfredonia,FG,Venerd ,2024,Febbraio,52
92,F,Foggia,FG,08/02/2024,Foggia,FG,09/02/2024,01:06:00,10/02/2024,San Severo,FG,Venerd ,2024,Febbraio,0
93,F,San Bartolomeo In Galdo,BN,24/09/1934,Foggia,FG,10/02/2024,08:25:00,12/02/2024,Lucera,FG,Sabato,2024,Febbraio,89
94,M,Manfredonia,FG,21/12/1939,Foggia,FG,12/02/2024,17:10:00,13/02/2024,Manfredonia,FG,Luned ,2024,Febbraio,84
95,M,Cerignola,FG,02/09/1973,Foggia,FG,12/02/2024,09:30:00,13/02/2024,Cerignola,FG,Luned ,2024,Febbraio,50
96,M,Motta Montecorvino,FG,23/02/1948,Foggia,FG,14/02/2024,21:51:00,15/02/2024,Motta Montecorvino,FG,Mercoled ,2024,Febbraio,75
97,M,Cerignola,FG,24/12/2004,Foggia,FG,13/02/2024,13:10:00,16/02/2024,Cerignola,FG,Marted ,2024,Febbraio,19
98,F,Roseto Valfortore,FG,29/01/1925,Foggia,FG,15/02/2024,10:45:00,16/02/2024,Roseto Valfortore,FG,Gioved ,2024,Febbraio,99
99,M,Carapelle,FG,21/10/1938,Foggia,FG,15/02/2024,19:15:00,16/02/2024,Orta Nova,FG,Gioved ,2024,Febbraio,85
100,M,Roseto Valfortore,FG,06/04/1952,Foggia,FG,17/02/2024,06:30:00,19/02/2024,Roseto Valfortore,FG,Sabato,2024,Febbraio,71
101,M,Cerignola,FG,14/10/1955,Foggia,FG,11/02/2024,22:00:00,19/02/2024,Trinitapoli,BT,Domenica,2024,Febbraio,68
102,M,San Severo,FG,13/03/1950,Foggia,FG,19/02/2024,05:20:00,20/02/2024,San Severo,FG,Luned ,2024,Febbraio,73
103,M,Goldap,nd,01/04/1981,Foggia,FG,15/01/2024,19:00:00,20/02/2024,Polonia,nd,Luned ,2024,Gennaio,42
104,F,Vieste,FG,04/08/1943,Foggia,FG,20/02/2024,04:45:00,21/02/2024,Vieste,FG,Marted ,2024,Febbraio,80
105,M,Foggia,FG,02/08/1996,Foggia,FG,20/02/2024,10:00:00,22/02/2024,Chieuti,FG,Marted ,2024,Febbraio,27
106,F,Benevento,BN,21/07/2003,Volturino,FG,20/02/2024,17:55:00,22/02/2024,Benevento,BN,Marted ,2024,Febbraio,20
107,F,Orta Nova,FG,18/04/1938,Foggia,FG,21/02/2024,10:41:00,22/02/2024,Orta Nova,FG,Mercoled ,2024,Febbraio,85
108,F,Accadia,FG,28/02/1935,Foggia,FG,22/02/2024,14:30:00,23/02/2024,Accadia,FG,Gioved ,2024,Febbraio,88
109,M,Lucera,FG,04/11/1949,Foggia,FG,24/02/2024,14:05:00,26/02/2024,Lucera,FG,Sabato,2024,Febbraio,74
110,M,Monopoli,BA,28/08/1948,Foggia,FG,23/02/2024,05:40:00,26/02/2024,Monopoli,BA,Venerd ,2024,Febbraio,75
111,F,Bovino,FG,20/01/1940,Foggia,FG,25/02/2024,18:20:00,27/02/2024,Bovino,FG,Domenica,2024,Febbraio,84
112,M,San Severo,FG,21/02/1958,Foggia,FG,26/02/2024,08:30:00,27/02/2024,Apricena,FG,Luned ,2024,Febbraio,66
113,M,Stornarella,FG,11/01/1954,Foggia,FG,28/02/2024,06:15:00,29/02/2024,Stornarella,FG,Mercoled ,2024,Febbraio,70
114,M,Orta Nova,FG,06/12/1928,Foggia,FG,28/02/2024,10:20:00,29/02/2024,Orta Nova,FG,Mercoled ,2024,Febbraio,95
115,M,San Severo,FG,28/04/1939,Foggia,FG,28/02/2024,01:00:00,29/02/2024,San Severo,FG,Mercoled ,2024,Febbraio,84
116,M,Manfredonia,FG,13/12/1949,Foggia,FG,29/02/2024,15:25:00,01/03/2024,Manfredonia,FG,Gioved ,2024,Febbraio,74
117,M,Carapelle,FG,28/10/1956,Foggia,FG,16/02/2024,23:20:00,01/03/2024,Carapelle,FG,Venerd ,2024,Febbraio,67
118,M,Candela,FG,12/04/1941,Foggia,FG,29/02/2024,11:30:00,01/03/2024,Candela,FG,Gioved ,2024,Febbraio,82
119,F,Motta Montecorvino,FG,12/02/1939,Foggia,FG,01/03/2024,15:00:00,02/03/2024,Motta Montecorvino,FG,Venerd ,2024,Marzo,85
120,F,Monte Sant'Angelo,FG,04/02/1940,Foggia,FG,02/03/2024,09:50:00,04/03/2024,Monte Sant'Angelo,FG,Sabato,2024,Marzo,84
121,M,Terlizzi,BA,07/06/1960,Foggia,FG,02/03/2024,06:50:00,04/03/2024,Terlizzi,BA,Sabato,2024,Marzo,63
122,M,Monteleone Di Puglia,FG,11/04/1936,Foggia,FG,02/03/2024,03:20:00,04/03/2024,Cerignola,FG,Sabato,2024,Marzo,87
123,M,Pietramontecorvino,FG,11/02/1951,Foggia,FG,03/03/2024,04:15:00,04/03/2024,Pietramontecorvino,FG,Domenica,2024,Marzo,73
124,M,Manfredonia,FG,15/11/1957,Foggia,FG,29/02/2024,10:00:00,04/03/2024,Lucera,FG,Gioved ,2024,Febbraio,66
125,F,Bari,BA,17/05/1978,Foggia,FG,05/03/2024,00:50:00,06/03/2024,Margherita Di Savoia,BT,Marted ,2024,Marzo,45
126,F,Serracapriola,FG,11/02/1932,Foggia,FG,05/03/2024,12:47:00,06/03/2024,Serracapriola,FG,Marted ,2024,Marzo,92
127,F,Morcone,BN,13/05/1949,Foggia,FG,06/03/2024,16:35:00,07/03/2024,Casalnuovo Monterotaro,FG,Mercoled ,2024,Marzo,74
128,M,Castelluccio Valmaggiore,FG,07/01/1964,Foggia,FG,05/03/2024,23:50:00,07/03/2024,Lucera,FG,Marted ,2024,Marzo,60
129,M,Bari,BA,08/07/1986,Foggia,FG,04/03/2024,10:30:00,08/03/2024,Bari,BA,Luned ,2024,Marzo,37
130,M,San Severo,FG,01/12/1959,Foggia,FG,08/03/2024,10:00:00,09/03/2024,San Severo,FG,Venerd ,2024,Marzo,64
131,F,San Severo,FG,17/06/1989,Foggia,FG,22/02/2024,10:15:00,09/03/2024,Torremaggiore,FG,Gioved ,2024,Febbraio,34
132,F,Lucera,FG,16/03/1928,Foggia,FG,09/03/2024,15:58:00,11/03/2024,Lucera,FG,Sabato,2024,Marzo,95
133,F,Foggia,FG,06/03/2024,Foggia,FG,11/03/2024,20:00:00,12/03/2024,Atella,PZ,Luned ,2024,Marzo,0
134,M,Bari,BA,10/12/1960,Foggia,FG,12/05/2022,06:20:00,12/03/2024,Grumo Appula,BA,Gioved ,2022,Maggio,61
135,F,Cerignola,FG,27/03/1944,Foggia,FG,10/03/2024,22:37:00,12/03/2024,Cerignola,FG,Domenica,2024,Marzo,79
136,M,Roma,RM,08/02/1950,Foggia,FG,13/03/2024,02:15:00,14/03/2024,Cerignola,FG,Mercoled ,2024,Marzo,74
137,F,Savignano Irpino,AV,15/11/1933,Foggia,FG,13/03/2024,10:57:00,14/03/2024,Faeto,FG,Mercoled ,2024,Marzo,90
138,M,Troia,FG,13/03/1940,Foggia,FG,13/03/2024,11:34:00,14/03/2024,Troia,FG,Mercoled ,2024,Marzo,84
139,M,Orta Nova,FG,21/05/1946,Foggia,FG,14/03/2024,08:30:00,15/03/2024,Orta Nova,FG,Gioved ,2024,Marzo,77
140,M,Roseto Valfortore,FG,23/07/1933,Foggia,FG,13/03/2024,22:30:00,15/03/2024,Lucera,FG,Mercoled ,2024,Marzo,90
141,F,Ariano Irpino,AV,22/03/1935,Foggia,FG,14/03/2024,11:47:00,15/03/2024,Troia,FG,Gioved ,2024,Marzo,88
142,M,Rocchetta Sant'Antonio,FG,17/09/1946,Foggia,FG,13/03/2024,23:11:00,15/03/2024,Stornarella,FG,Mercoled ,2024,Marzo,77
143,F,Castelnuovo Della Daunia,FG,27/08/1946,Foggia,FG,15/03/2024,00:01:00,16/03/2024,Castelnuovo Della Daunia,FG,Venerd ,2024,Marzo,77
144,F,San Severo,FG,10/10/1941,Foggia,FG,15/03/2024,19:00:00,16/03/2024,San Severo,FG,Venerd ,2024,Marzo,82
145,F,Bari,BA,07/02/1959,Foggia,FG,17/03/2024,01:00:00,18/03/2024,Bari,BA,Domenica,2024,Marzo,65
146,M,Rocchetta Sant'Antonio,FG,18/01/1933,Foggia,FG,17/03/2024,08:20:00,18/03/2024,Ascoli Satriano,FG,Domenica,2024,Marzo,91
147,F,Bucuresti,nd,29/01/1970,Foggia,FG,18/03/2024,02:05:00,19/03/2024,Volturara Appula,FG,Luned ,2024,Marzo,54
148,M,Bisaccia,AV,29/05/1931,Foggia,FG,19/03/2024,13:30:00,20/03/2024,Orta Nova,FG,Marted ,2024,Marzo,92
149,F,Rose,CS,09/07/1947,Foggia,FG,19/03/2024,17:45:00,20/03/2024,Peschici,FG,Marted ,2024,Marzo,76
150,M,Cerignola,FG,14/12/1945,Foggia,FG,20/03/2024,21:14:00,21/03/2024,San Nicandro Garganico,FG,Mercoled ,2024,Marzo,78
151,M,Sant'Agata Di Puglia,FG,25/09/1953,Foggia,FG,20/03/2024,08:00:00,21/03/2024,Sant'Agata Di Puglia,FG,Mercoled ,2024,Marzo,70
152,M,Foggia,FG,22/05/1979,Foggia,FG,20/03/2024,03:10:00,21/03/2024,Biccari,FG,Mercoled ,2024,Marzo,44
153,F,Troia,FG,13/03/1944,Foggia,FG,20/03/2024,08:11:00,21/03/2024,Troia,FG,Mercoled ,2024,Marzo,80
154,M,San Marco La Catola,FG,18/03/1950,Foggia,FG,20/03/2024,10:53:00,21/03/2024,San Marco La Catola,FG,Mercoled ,2024,Marzo,74
155,M,Lucera,FG,12/02/1933,Foggia,FG,21/03/2024,06:00:00,23/03/2024,Lucera,FG,Gioved ,2024,Marzo,91
156,F,Castelluccio Valmaggiore,FG,02/07/1944,Foggia,FG,21/03/2024,06:30:00,23/03/2024,Lucera,FG,Gioved ,2024,Marzo,79
157,F,Castelnuovo Della Daunia,FG,07/05/1936,Foggia,FG,24/03/2024,13:24:00,25/03/2024,Castelnuovo Della Daunia,FG,Domenica,2024,Marzo,87
158,M,Troia,FG,10/09/1955,Foggia,FG,24/03/2024,19:12:00,25/03/2024,Troia,FG,Domenica,2024,Marzo,68
159,F,Antibes,nd,31/03/1928,Nice,nd,24/03/2019,Non Disponibile,26/03/2024,Cannes,nd,Domenica,2019,Marzo,90
160,F,Milano,MI,22/09/1975,Foggia,FG,28/03/2024,10:40:00,29/03/2024,Trani,BT,Gioved ,2024,Marzo,48
161,F,San Severo,FG,20/05/1944,Foggia,FG,30/03/2024,14:47:00,01/04/2024,San Severo,FG,Sabato,2024,Marzo,79
162,M,San Severo,FG,21/01/1938,Foggia,FG,31/03/2024,18:30:00,01/04/2024,Sannicandro Garganico,FG,Domenica,2024,Marzo,86
163,M,Foggia,FG,18/12/1962,Foggia,FG,01/04/2024,01:20:00,02/04/2024,Castelluccio Dei Sauri,FG,Luned ,2024,Aprile,61
164,M,Canosa Di Puglia,BT,21/06/1950,Foggia,FG,01/04/2024,15:20:00,02/04/2024,Canosa Di Puglia,BT,Luned ,2024,Aprile,73
165,F,Cerignola,FG,10/08/1972,Foggia,FG,01/04/2024,14:42:00,02/04/2024,Cerignola,FG,Luned ,2024,Aprile,51
166,M,Stornarella,FG,11/06/1954,Foggia,FG,01/04/2024,23:30:00,03/04/2024,Stornarella,FG,Luned ,2024,Aprile,69
167,F,Sant'Agata Di Puglia,FG,06/05/1933,Foggia,FG,03/04/2024,12:20:00,04/04/2024,Ascoli Satriano,FG,Mercoled ,2024,Aprile,90
168,F,Orta Nova,FG,06/12/1951,Foggia,FG,12/03/2024,16:00:00,05/04/2024,Anagraficamente Irreperibile,nd,Marted ,2024,Marzo,72
169,F,Biccari,FG,14/08/1955,Foggia,FG,04/04/2024,10:40:00,05/04/2024,Biccari,FG,Gioved ,2024,Aprile,68
170,M,San Ferdinando Di Puglia,BT,08/05/1966,Foggia,FG,05/04/2024,08:05:00,06/04/2024,San Ferdinando Di Puglia,BT,Venerd ,2024,Aprile,57
171,M,Volturara Appula,FG,29/06/1934,Foggia,FG,06/04/2024,07:12:00,08/04/2024,Volturara Appula,FG,Sabato,2024,Aprile,89
172,F,Orta Nova,FG,30/06/1943,Foggia,FG,05/04/2024,04:00:00,08/04/2024,Orta Nova,FG,Venerd ,2024,Aprile,80
173,M,Orta Nova,FG,28/12/1945,Foggia,FG,05/04/2024,14:30:00,08/04/2024,Orta Nova,FG,Venerd ,2024,Aprile,78
174,F,Vieste,FG,28/01/1941,Foggia,FG,06/04/2024,17:31:00,08/04/2024,Serracapriola,FG,Sabato,2024,Aprile,83
175,M,Montaguto,AV,14/12/1928,Foggia,FG,06/04/2024,07:50:00,08/04/2024,Orsara Di Puglia,FG,Sabato,2024,Aprile,95
176,M,Trevico,AV,26/10/1954,Foggia,FG,07/04/2024,06:50:00,08/04/2024,Ascoli Satriano,FG,Domenica,2024,Aprile,69
177,F,Orta Nova,FG,22/02/1935,Foggia,FG,05/04/2024,05:40:00,08/04/2024,Ordona,FG,Venerd ,2024,Aprile,89
178,F,Torremaggiore,FG,28/01/1945,Foggia,FG,08/04/2024,00:15:00,09/04/2024,Torremaggiore,FG,Luned ,2024,Aprile,79
179,F,Celenza Valfortore,FG,25/09/1932,Foggia,FG,07/04/2024,18:54:00,09/04/2024,Celenza Valfortore,FG,Domenica,2024,Aprile,91
180,M,Volturino,FG,12/11/1944,Foggia,FG,07/04/2024,22:15:00,09/04/2024,Lucera,FG,Domenica,2024,Aprile,79
181,M,Cerignola,FG,04/02/1955,Foggia,FG,07/04/2024,05:45:00,09/04/2024,Cerignola,FG,Domenica,2024,Aprile,69
182,M,Bisaccia,AV,07/03/1937,Foggia,FG,08/04/2024,11:55:00,09/04/2024,Orta Nova,FG,Luned ,2024,Aprile,87
183,M,Lucera,FG,28/05/1936,Foggia,FG,07/04/2024,14:13:00,09/04/2024,Lucera,FG,Domenica,2024,Aprile,87
184,M,San Severo,FG,05/07/1935,Foggia,FG,09/04/2024,04:20:00,10/04/2024,San Severo,FG,Marted ,2024,Aprile,88
185,M,Castelluccio Valmaggiore,FG,15/02/1959,Foggia,FG,09/04/2024,10:15:00,10/04/2024,Castelluccio Valmaggiore,FG,Marted ,2024,Aprile,65
186,F,Castelvetere In Val Fortore,BN,07/09/1940,Foggia,FG,10/04/2024,01:35:00,11/04/2024,Celenza Valfortore,FG,Mercoled ,2024,Aprile,83
187,F,Massafra,TA,08/05/1968,Foggia,FG,14/04/2024,06:41:00,15/04/2024,Massafra,TA,Domenica,2024,Aprile,55
188,F,Cerignola,FG,21/04/1963,Foggia,FG,13/04/2024,03:45:00,15/04/2024,Cerignola,FG,Sabato,2024,Aprile,60
189,F,Casalnuovo Monterotaro,FG,05/07/1951,Foggia,FG,13/04/2024,10:10:00,15/04/2024,Castelnuovo Della Daunia,FG,Sabato,2024,Aprile,72
190,M,Cerignola,FG,11/06/1939,Foggia,FG,13/04/2024,23:25:00,15/04/2024,Cerignola,FG,Sabato,2024,Aprile,84
191,M,Lucera,FG,09/09/1964,Foggia,FG,14/04/2024,07:20:00,15/04/2024,Lucera,FG,Domenica,2024,Aprile,59
192,F,Guardiagrele,CH,03/01/1935,Foggia,FG,15/04/2024,10:28:00,16/04/2024,Orta Nova,FG,Luned ,2024,Aprile,89
193,M,Foggia,FG,27/01/1955,Koeln,nd,07/02/2018,Non Disponibile,16/04/2024,Koeln,nd,Mercoled ,2018,Febbraio,63
194,F,Accadia,FG,01/08/1925,Foggia,FG,15/04/2024,19:48:00,17/04/2024,Accadia,FG,Luned ,2024,Aprile,98
195,M,Margherita Di Savoia,BT,12/04/1945,Foggia,FG,17/04/2024,10:10:00,18/04/2024,Margherita Di Savoia,BT,Mercoled ,2024,Aprile,79
196,M,Ascoli Satriano,FG,08/11/1940,Foggia,FG,17/04/2024,08:35:00,18/04/2024,Ascoli Satriano,FG,Mercoled ,2024,Aprile,83
197,F,Troia,FG,02/08/1940,Foggia,FG,17/04/2024,19:18:00,18/04/2024,Troia,FG,Mercoled ,2024,Aprile,83
198,F,Pietramontecorvino,FG,16/04/1932,Foggia,FG,17/04/2024,08:35:00,18/04/2024,Lucera,FG,Mercoled ,2024,Aprile,92
199,F,Cerignola,FG,06/05/1941,Foggia,FG,18/04/2024,04:10:00,19/04/2024,Cerignola,FG,Gioved ,2024,Aprile,82
200,M,Lesina,FG,02/01/1931,Foggia,FG,18/04/2024,00:31:00,19/04/2024,Lesina,FG,Gioved ,2024,Aprile,93
201,M,Ascoli Satriano,FG,06/12/1937,Foggia,FG,17/04/2024,22:12:00,19/04/2024,Ascoli Satriano,FG,Mercoled ,2024,Aprile,86
202,M,Bovino,FG,12/04/1938,Foggia,FG,18/04/2024,09:30:00,19/04/2024,Bovino,FG,Gioved ,2024,Aprile,86
203,F,Foggia,FG,08/03/1950,Foggia,FG,19/04/2024,04:15:00,20/04/2024,Troia,FG,Venerd ,2024,Aprile,74
204,M,Rocchetta Sant'Antonio,FG,18/07/1964,Foggia,FG,19/04/2024,04:00:00,20/04/2024,Rocchetta Sant'Antonio,FG,Venerd ,2024,Aprile,59
205,F,Volturino,FG,28/04/1936,Foggia,FG,21/04/2024,10:15:00,22/04/2024,Volturino,FG,Domenica,2024,Aprile,87
206,F,Biccari,FG,15/11/1942,Foggia,FG,21/04/2024,00:40:00,22/04/2024,Biccari,FG,Domenica,2024,Aprile,81
207,M,Stornarella,FG,17/03/1939,Foggia,FG,20/04/2024,11:47:00,22/04/2024,Stornarella,FG,Sabato,2024,Aprile,85
208,F,Cerignola,FG,11/10/1942,Foggia,FG,20/04/2024,01:55:00,22/04/2024,Cerignola,FG,Sabato,2024,Aprile,81
209,M,Lucera,FG,25/01/1954,Foggia,FG,21/04/2024,11:30:00,22/04/2024,Lucera,FG,Domenica,2024,Aprile,70
210,F,Lucera,FG,17/10/1964,Foggia,FG,21/04/2024,19:30:00,22/04/2024,Lucera,FG,Domenica,2024,Aprile,59
211,M,Deliceto,FG,20/11/1951,Foggia,FG,22/04/2024,10:21:00,23/04/2024,Deliceto,FG,Luned ,2024,Aprile,72
212,M,Foggia,FG,21/07/1952,Foggia,FG,22/04/2024,09:40:00,23/04/2024,Lucera,FG,Luned ,2024,Aprile,71
213,F,Castelluccio Valmaggiore,FG,06/09/1936,Foggia,FG,23/04/2024,06:40:00,24/04/2024,Castelluccio Valmaggiore,FG,Marted ,2024,Aprile,87
214,F,Orsara Di Puglia,FG,30/07/1938,Foggia,FG,23/04/2024,07:55:00,24/04/2024,Orsara Di Puglia,FG,Marted ,2024,Aprile,85
215,F,Ascoli Satriano,FG,22/02/1934,Foggia,FG,25/04/2024,07:07:00,26/04/2024,Ascoli Satriano,FG,Gioved ,2024,Aprile,90
216,M,Foggia,FG,05/04/1942,Foggia,FG,25/04/2024,07:13:00,26/04/2024,Lucera,FG,Gioved ,2024,Aprile,82
217,M,Cerignola,FG,25/11/1970,Foggia,FG,24/04/2024,10:10:00,26/04/2024,Cerignola,FG,Mercoled ,2024,Aprile,53
218,M,Accadia,FG,09/03/1932,Foggia,FG,26/04/2024,17:37:00,27/04/2024,Accadia,FG,Venerd ,2024,Aprile,92
219,M,Torremaggiore,FG,19/01/1944,Foggia,FG,28/04/2024,14:50:00,29/04/2024,Torremaggiore,FG,Domenica,2024,Aprile,80
220,F,Apricena,FG,04/01/1939,Foggia,FG,29/04/2024,05:19:00,30/04/2024,Apricena,FG,Luned ,2024,Aprile,85
221,F,Bovino,FG,26/03/1945,Foggia,FG,29/04/2024,13:35:00,30/04/2024,Bovino,FG,Luned ,2024,Aprile,79
222,F,Trani,BT,30/05/1987,Foggia,FG,30/04/2024,12:20:00,02/05/2024,Trani,BT,Marted ,2024,Aprile,36
223,M,San Marco La Catola,FG,22/09/1960,Foggia,FG,30/04/2024,09:45:00,02/05/2024,San Marco La Catola,FG,Marted ,2024,Aprile,63
224,F,Savignano Irpino,AV,29/02/1940,Foggia,FG,02/05/2024,12:40:00,03/05/2024,Casalecchio Di Reno,BO,Gioved ,2024,Maggio,84
225,F,Minervino Murge,BT,26/08/1966,Foggia,FG,02/05/2024,10:16:00,03/05/2024,Cerignola,FG,Gioved ,2024,Maggio,57
226,M,San Severo,FG,23/02/1936,Foggia,FG,02/05/2024,05:42:00,03/05/2024,San Severo,FG,Gioved ,2024,Maggio,88
227,M,San Severo,FG,13/11/1932,Foggia,FG,02/05/2024,23:40:00,04/05/2024,San Severo,FG,Gioved ,2024,Maggio,91
228,M,Casarano,LE,21/10/1987,Foggia,FG,03/05/2024,04:45:00,04/05/2024,Ugento,LE,Venerd ,2024,Maggio,36
229,M,Cerignola,FG,23/07/1952,Foggia,FG,03/05/2024,11:00:00,04/05/2024,Cerignola,FG,Venerd ,2024,Maggio,71
230,M,Monteleone Di Puglia,FG,24/09/1966,Foggia,FG,05/05/2024,05:30:00,06/05/2024,Monteleone Di Puglia,FG,Domenica,2024,Maggio,57
231,F,Sannicandro Garganico,FG,20/07/1941,Foggia,FG,04/05/2024,01:45:00,06/05/2024,Sannicandro Garganico,FG,Sabato,2024,Maggio,82
232,M,Foggia,FG,24/12/1930,Foggia,FG,05/05/2024,12:40:00,07/05/2024,Creil,nd,Domenica,2024,Maggio,93
233,F,Orsara Di Puglia,FG,22/04/1933,Foggia,FG,06/05/2024,05:30:00,07/05/2024,Orsara Di Puglia,FG,Luned ,2024,Maggio,91
234,M,Lucera,FG,28/11/1943,Foggia,FG,06/05/2024,00:20:00,07/05/2024,Lucera,FG,Luned ,2024,Maggio,80
235,F,Carpino,FG,16/10/1930,Foggia,FG,07/05/2024,00:20:00,08/05/2024,Carpino,FG,Marted ,2024,Maggio,93
236,M,Biccari,FG,04/03/1975,Foggia,FG,09/05/2024,15:06:00,10/05/2024,Biccari,FG,Gioved ,2024,Maggio,49
237,M,San Severo,FG,16/11/1971,Foggia,FG,09/05/2024,05:30:00,10/05/2024,San Severo,FG,Gioved ,2024,Maggio,52
238,M,Rocchetta Sant'Antonio,FG,07/10/1936,Foggia,FG,10/05/2024,21:00:00,11/05/2024,Orta Nova,FG,Venerd ,2024,Maggio,87
239,F,Rocchetta Sant'Antonio,FG,07/12/1935,Foggia,FG,10/05/2024,08:45:00,11/05/2024,Milano,MI,Venerd ,2024,Maggio,88
240,M,Troia,FG,10/02/1939,Foggia,FG,10/05/2024,23:24:00,13/05/2024,Troia,FG,Venerd ,2024,Maggio,85
241,M,Serracapriola,FG,10/08/1945,Foggia,FG,11/05/2024,16:52:00,13/05/2024,Serracapriola,FG,Sabato,2024,Maggio,78
242,M,Stornarella,FG,12/09/1943,Foggia,FG,11/05/2024,03:47:00,13/05/2024,Stornarella,FG,Sabato,2024,Maggio,80
243,F,Apricena,FG,16/09/1940,Foggia,FG,10/05/2024,22:10:00,13/05/2024,Apricena,FG,Venerd ,2024,Maggio,83
244,M,Bovino,FG,11/11/1955,Foggia,FG,14/05/2024,20:05:00,15/05/2024,Novara,NO,Marted ,2024,Maggio,68
245,M,Orta Nova,FG,09/12/1938,Foggia,FG,15/05/2024,05:50:00,16/05/2024,Orta Nova,FG,Mercoled ,2024,Maggio,85
246,M,Candela,FG,03/04/1944,Foggia,FG,15/05/2024,13:15:00,16/05/2024,Candela,FG,Mercoled ,2024,Maggio,80
247,M,Volturino,FG,01/04/1939,Foggia,FG,15/05/2024,17:34:00,17/05/2024,Lucera,FG,Mercoled ,2024,Maggio,85
248,F,Montella,AV,14/08/1943,Foggia,FG,19/05/2024,06:50:00,20/05/2024,Montella,AV,Domenica,2024,Maggio,80
249,M,Montaguto,AV,09/05/1941,Foggia,FG,17/05/2024,22:45:00,20/05/2024,Trani,BT,Venerd ,2024,Maggio,83
250,M,Stornara,FG,15/12/1948,Foggia,FG,18/05/2024,13:45:00,20/05/2024,Stornara,FG,Sabato,2024,Maggio,75
251,F,Cagnano Varano,FG,09/06/1941,Foggia,FG,19/05/2024,06:16:00,20/05/2024,San Severo,FG,Domenica,2024,Maggio,82
252,M,Troia,FG,10/09/1934,Foggia,FG,19/05/2024,12:00:00,20/05/2024,Troia,FG,Domenica,2024,Maggio,89
253,M,Cerignola,FG,02/08/1942,Foggia,FG,20/05/2024,11:45:00,21/05/2024,Cerignola,FG,Luned ,2024,Maggio,81
254,M,Polonia,nd,23/11/1976,Foggia,FG,06/05/2024,17:47:00,21/05/2024,Non Risulta,nd,Luned ,2024,Maggio,47
255,M,Deliceto,FG,26/05/1942,Foggia,FG,20/05/2024,17:45:00,21/05/2024,Deliceto,FG,Luned ,2024,Maggio,81
256,F,Lucera,FG,10/04/1936,Foggia,FG,22/05/2024,00:15:00,23/05/2024,Lucera,FG,Mercoled ,2024,Maggio,88
257,M,Alberona,FG,11/01/1943,Foggia,FG,22/05/2024,21:27:00,24/05/2024,Lucera,FG,Mercoled ,2024,Maggio,81
258,M,Canosa Di Puglia,BT,21/10/1948,Foggia,FG,25/05/2024,16:35:00,27/05/2024,Canosa Di Puglia,BT,Sabato,2024,Maggio,75
259,M,Pietramontecorvino,FG,03/10/1938,Foggia,FG,27/05/2024,01:24:00,28/05/2024,Lucera,FG,Luned ,2024,Maggio,85
260,F,Bisaccia,AV,19/11/1935,Foggia,FG,27/05/2024,17:20:00,28/05/2024,Cerignola,FG,Luned ,2024,Maggio,88
261,F,San Severo,FG,10/09/1956,Foggia,FG,28/05/2024,06:35:00,29/05/2024,San Severo,FG,Marted ,2024,Maggio,67
262,F,Deliceto,FG,28/04/1934,Foggia,FG,28/05/2024,13:45:00,29/05/2024,Castelluccio Dei Sauri,FG,Marted ,2024,Maggio,90
263,M,Sant'Agata Di Puglia,FG,05/12/1929,Foggia,FG,29/05/2024,20:00:00,31/05/2024,Sant'Agata Di Puglia,FG,Mercoled ,2024,Maggio,94
264,M,Foggia,FG,25/11/1955,Foggia,FG,01/06/2024,17:45:00,03/06/2024,San Severo,FG,Sabato,2024,Giugno,68
265,M,Ascoli Satriano,FG,04/03/1946,Foggia,FG,02/06/2024,11:05:00,03/06/2024,Ascoli Satriano,FG,Domenica,2024,Giugno,78
266,M,Alliste,LE,29/03/1958,Foggia,FG,02/06/2024,09:00:00,03/06/2024,Taviano,LE,Domenica,2024,Giugno,66
267,F,Polonia,nd,20/09/1946,Foggia,FG,31/05/2024,20:45:00,04/06/2024,San Severo,FG,Venerd ,2024,Maggio,77
268,M,Melinesti,nd,17/04/1964,Foggia,FG,12/05/2024,20:08:00,04/06/2024,Biccari,FG,Domenica,2024,Maggio,60
269,F,Troia,FG,09/10/1940,Foggia,FG,04/06/2024,07:01:00,05/06/2024,Stornara,FG,Marted ,2024,Giugno,83
270,M,Orta Nova,FG,23/08/1961,Foggia,FG,02/06/2024,19:29:00,05/06/2024,Orta Nova,FG,Domenica,2024,Giugno,62
271,M,Ascoli Satriano,FG,27/09/1948,Bergheim,nd,05/05/2024,Non Disponibile,06/06/2024,Bergheim,nd,Domenica,2024,Maggio,75
272,F,Ascoli Satriano,FG,02/05/1962,Foggia,FG,05/06/2024,00:37:00,06/06/2024,Ascoli Satriano,FG,Mercoled ,2024,Giugno,62
273,M,Nigeria,nd,01/01/1974,Foggia,FG,21/11/2022,01:47:00,06/06/2024,Non Risulta,nd,Luned ,2022,Novembre,48
274,F,Barletta,BT,15/07/1954,Foggia,FG,07/06/2024,13:11:00,08/06/2024,Margherita Di Savoia,BT,Venerd ,2024,Giugno,69
275,F,Volturara Appula,FG,07/10/1941,Foggia,FG,09/06/2024,20:46:00,10/06/2024,Volturara Appula,FG,Domenica,2024,Giugno,82
276,M,Bovino,FG,24/05/1938,Foggia,FG,09/06/2024,16:50:00,10/06/2024,Bovino,FG,Domenica,2024,Giugno,86
277,M,Troia,FG,09/04/1968,Foggia,FG,09/06/2024,19:20:00,10/06/2024,Troia,FG,Domenica,2024,Giugno,56
278,M,Afragola,NA,19/03/1969,Foggia,FG,10/06/2024,11:20:00,11/06/2024,Casoria,NA,Luned ,2024,Giugno,55
279,F,Sannicandro Garganico,FG,07/04/1932,Foggia,FG,10/06/2024,20:20:00,11/06/2024,San Severo,FG,Luned ,2024,Giugno,92
280,F,Deliceto,FG,26/05/1930,Foggia,FG,11/06/2024,13:05:00,12/06/2024,Deliceto,FG,Marted ,2024,Giugno,94
281,F,Cutrofiano,LE,23/09/1924,Foggia,FG,11/06/2024,04:40:00,12/06/2024,Cutrofiano,LE,Marted ,2024,Giugno,99
282,M,Stornara,FG,31/01/1963,Foggia,FG,11/06/2024,12:50:00,12/06/2024,Stornara,FG,Marted ,2024,Giugno,61
283,M,San Giovanni Rotondo,FG,31/05/1955,Foggia,FG,12/06/2024,12:30:00,13/06/2024,San Giovanni Rotondo,FG,Mercoled ,2024,Giugno,69
284,F,Savignano Di Puglia,AV,12/06/1934,Foggia,FG,12/06/2024,18:50:00,13/06/2024,Cerignola,FG,Mercoled ,2024,Giugno,90
285,M,San Ferdinando Di Puglia,BT,07/10/1941,Foggia,FG,13/06/2024,08:00:00,14/06/2024,Margherita Di Savoia,BT,Gioved ,2024,Giugno,82
286,M,Deliceto,FG,03/07/1938,Foggia,FG,13/06/2024,04:45:00,14/06/2024,Deliceto,FG,Gioved ,2024,Giugno,85
287,M,Manfredonia,FG,19/07/1952,Foggia,FG,13/06/2024,11:05:00,14/06/2024,Manfredonia,FG,Gioved ,2024,Giugno,71
288,F,Minervino Murge,BT,08/12/1947,Foggia,FG,13/06/2024,04:27:00,14/06/2024,Canosa Di Puglia,BT,Gioved ,2024,Giugno,76
289,M,San Severo,FG,01/12/1949,Foggia,FG,14/06/2024,00:47:00,15/06/2024,San Severo,FG,Venerd ,2024,Giugno,74
290,M,Castelluccio Valmaggiore,FG,14/02/1953,Foggia,FG,15/06/2024,11:45:00,17/06/2024,Biccari,FG,Sabato,2024,Giugno,71
291,M,Lucera,FG,01/10/1947,Foggia,FG,15/06/2024,07:16:00,17/06/2024,Lucera,FG,Sabato,2024,Giugno,76
292,F,Serracapriola,FG,17/05/1966,Foggia,FG,16/06/2024,08:54:00,17/06/2024,Cerignola,FG,Domenica,2024,Giugno,58
293,M,Lucera,FG,29/12/1964,Foggia,FG,15/06/2024,07:00:00,17/06/2024,San Severo,FG,Sabato,2024,Giugno,59
294,F,Foggia,FG,06/06/2024,Foggia,FG,15/06/2024,05:40:00,17/06/2024,Torremaggiore,FG,Sabato,2024,Giugno,0
295,M,Lucera,FG,04/02/1967,Foggia,FG,18/06/2024,01:17:00,19/06/2024,Biccari,FG,Marted ,2024,Giugno,57
296,M,Motta Montecorvino,FG,21/04/1940,Foggia,FG,18/06/2024,13:38:00,19/06/2024,Motta Montecorvino,FG,Marted ,2024,Giugno,84
297,M,Foggia,FG,04/03/1964,Foggia,FG,18/06/2024,05:29:00,19/06/2024,Torremaggiore,FG,Marted ,2024,Giugno,60
298,M,Foggia,FG,02/02/1926,New York,nd,09/01/2013,08:32:00,20/06/2024,Anagraficamente Irreperibile,nd,Mercoled ,2013,Gennaio,86
299,M,Biccari,FG,10/01/1937,Foggia,FG,20/06/2024,05:50:00,21/06/2024,Torremaggiore,FG,Gioved ,2024,Giugno,87
300,M,Ascoli Satriano,FG,03/03/1947,Foggia,FG,20/06/2024,14:19:00,21/06/2024,Ascoli Satriano,FG,Gioved ,2024,Giugno,77
301,F,Alberona,FG,01/06/1945,Foggia,FG,20/06/2024,00:30:00,21/06/2024,Lucera,FG,Gioved ,2024,Giugno,79
302,F,Lucera,FG,28/06/1967,Foggia,FG,20/06/2024,08:30:00,21/06/2024,Lucera,FG,Gioved ,2024,Giugno,56
303,M,Castelluccio Valmaggiore,FG,15/11/1935,Foggia,FG,20/06/2024,19:58:00,21/06/2024,Lucera,FG,Gioved ,2024,Giugno,88
304,F,Deliceto,FG,06/04/1933,Foggia,FG,21/06/2024,17:18:00,22/06/2024,Deliceto,FG,Venerd ,2024,Giugno,91
305,M,Manfredonia,FG,10/02/1963,Foggia,FG,21/06/2024,09:09:00,22/06/2024,Manfredonia,FG,Venerd ,2024,Giugno,61
306,M,Ascoli Satriano,FG,11/01/1946,Foggia,FG,21/06/2024,01:30:00,22/06/2024,Ascoli Satriano,FG,Venerd ,2024,Giugno,78
307,F,Margherita Di Savoia,BT,15/04/1942,Foggia,FG,23/06/2024,08:00:00,24/06/2024,Orta Nova,FG,Domenica,2024,Giugno,82
308,F,Parelhas,nd,03/04/1990,Foggia,FG,22/06/2024,22:20:00,24/06/2024,Ascoli Satriano,FG,Sabato,2024,Giugno,34
309,F,Deliceto,FG,05/04/1959,Foggia,FG,23/06/2024,00:20:00,24/06/2024,Deliceto,FG,Domenica,2024,Giugno,65
310,M,Lucera,FG,06/10/1953,Foggia,FG,24/06/2024,15:43:00,25/06/2024,Lucera,FG,Luned ,2024,Giugno,70
311,M,San Giovanni Rotondo,FG,17/04/1975,Foggia,FG,24/06/2024,05:39:00,25/06/2024,Manfredonia,FG,Luned ,2024,Giugno,49
312,F,Apricena,FG,15/02/1934,Foggia,FG,23/06/2024,18:00:00,25/06/2024,Apricena,FG,Domenica,2024,Giugno,90
313,M,Casamance,nd,01/01/1989,Foggia,FG,18/06/2024,15:39:00,26/06/2024,San Severo,FG,Marted ,2024,Giugno,35
314,M,Apricena,FG,24/03/1939,Foggia,FG,25/06/2024,10:09:00,26/06/2024,Apricena,FG,Marted ,2024,Giugno,85
315,M,San Severo,FG,08/01/1945,Foggia,FG,26/06/2024,19:50:00,27/06/2024,San Nicandro,FG,Mercoled ,2024,Giugno,79
316,F,Sant'Agata Di Puglia,FG,17/02/1931,Foggia,FG,26/06/2024,13:30:00,27/06/2024,Motta Montecorvino,FG,Mercoled ,2024,Giugno,93
317,F,Ascoli Satriano,FG,02/03/1936,Foggia,FG,26/06/2024,02:10:00,27/06/2024,Ascoli Satriano,FG,Mercoled ,2024,Giugno,88
318,F,Motta Montecorvino,FG,05/11/1931,Foggia,FG,27/06/2024,10:30:00,28/06/2024,Motta Montecorvino,FG,Gioved ,2024,Giugno,92
319,F,Rocchetta Sant'Antonio,FG,19/10/1959,Foggia,FG,28/06/2024,10:10:00,29/06/2024,Deliceto,FG,Venerd ,2024,Giugno,64
320,F,Bovino,FG,25/03/1935,Foggia,FG,30/06/2024,10:30:00,01/07/2024,Bovino,FG,Domenica,2024,Giugno,89
321,M,Pietramontecorvino,FG,31/01/1947,Foggia,FG,29/06/2024,01:37:00,01/07/2024,Pietramontecorvino,FG,Sabato,2024,Giugno,77
322,F,Lucera,FG,09/11/1944,Foggia,FG,30/06/2024,18:30:00,01/07/2024,Lucera,FG,Domenica,2024,Giugno,79
323,F,Foggia,FG,11/06/1927,Foggia,FG,01/07/2024,10:58:00,02/07/2024,Alberona,FG,Luned ,2024,Luglio,97
324,F,Pietramontecorvino,FG,04/05/1939,Foggia,FG,01/07/2024,18:47:00,02/07/2024,Lucera,FG,Luned ,2024,Luglio,85
325,M,Panni,FG,01/04/1934,Foggia,FG,30/06/2024,17:40:00,02/07/2024,Panni,FG,Domenica,2024,Giugno,90
326,F,Orta Nova,FG,07/08/1949,Foggia,FG,01/07/2024,02:40:00,02/07/2024,Orta Nova,FG,Luned ,2024,Luglio,74
327,F,Sadova,nd,24/04/1999,Foggia,FG,01/07/2024,06:50:00,02/07/2024,Stornara,FG,Luned ,2024,Luglio,25
328,M,Rocchetta Sant'Antonio,FG,27/08/1943,Foggia,FG,02/07/2024,05:29:00,03/07/2024,Rocchetta Sant'Antonio,FG,Marted ,2024,Luglio,80
329,F,Bovino,FG,27/08/1942,Foggia,FG,04/07/2024,01:51:00,05/07/2024,Bovino,FG,Gioved ,2024,Luglio,81
330,F,Alberona,FG,14/06/1943,Foggia,FG,04/07/2024,23:38:00,06/07/2024,Biccari,FG,Gioved ,2024,Luglio,81
331,F,Troia,FG,08/09/1946,Foggia,FG,05/07/2024,01:35:00,06/07/2024,Troia,FG,Venerd ,2024,Luglio,77
332,F,Orta Nova,FG,04/02/1948,Foggia,FG,05/07/2024,10:08:00,08/07/2024,Orta Nova,FG,Venerd ,2024,Luglio,76
333,M,Orsara Di Puglia,FG,26/05/1933,Foggia,FG,06/07/2024,17:56:00,08/07/2024,Castelluccio Dei Sauri,FG,Sabato,2024,Luglio,91
334,F,Orta Nova,FG,03/07/1932,Foggia,FG,08/07/2024,06:00:00,09/07/2024,Orta Nova,FG,Luned ,2024,Luglio,92
335,F,Lucera,FG,27/03/1927,Foggia,FG,08/07/2024,13:40:00,09/07/2024,Lucera,FG,Luned ,2024,Luglio,97
336,M,Deliceto,FG,06/01/1958,Foggia,FG,09/07/2024,12:30:00,10/07/2024,Deliceto,FG,Marted ,2024,Luglio,66
337,F,Foggia,FG,29/06/2024,Foggia,FG,12/07/2024,05:50:00,13/07/2024,Barile,PZ,Venerd ,2024,Luglio,0
338,F,Ivano Frankovsk,nd,01/12/1962,Foggia,FG,12/07/2024,21:30:00,13/07/2024,Trinitapoli,BT,Venerd ,2024,Luglio,61
339,F,Andretta,AV,17/09/1934,Foggia,FG,11/07/2024,21:07:00,13/07/2024,Ascoli Satriano,FG,Gioved ,2024,Luglio,89
340,F,Cisternino,BR,24/09/1985,Foggia,FG,12/07/2024,11:20:00,13/07/2024,Cerignola,FG,Venerd ,2024,Luglio,38
341,F,Lucera,FG,13/03/1945,Foggia,FG,13/07/2024,06:45:00,15/07/2024,Lucera,FG,Sabato,2024,Luglio,79
342,M,Castelluccio Valmaggiore,FG,14/08/1934,Foggia,FG,14/07/2024,10:50:00,15/07/2024,Biccari,FG,Domenica,2024,Luglio,89
343,M,Casalvecchio Di Puglia,FG,24/06/1944,Neuchatel,nd,28/06/2024,Non Disponibile,15/07/2024,La Chaux De Fonds,nd,Venerd ,2024,Giugno,80
344,M,Monteleone Di Puglia,FG,12/02/1946,Foggia,FG,14/07/2024,09:20:00,15/07/2024,Ascoli Satriano,FG,Domenica,2024,Luglio,78
345,M,Lucera,FG,13/01/1932,Foggia,FG,16/07/2024,00:05:00,16/07/2024,Lucera,FG,Marted ,2024,Luglio,92
346,M,Cerignola,FG,05/02/1928,Foggia,FG,15/07/2024,06:20:00,16/07/2024,Cerignola,FG,Luned ,2024,Luglio,96
347,M,Lucera,FG,15/10/1931,Foggia,FG,15/07/2024,07:10:00,16/07/2024,Lucera,FG,Luned ,2024,Luglio,92
348,M,San Marco La Catola,FG,18/08/1939,Foggia,FG,17/07/2024,14:50:00,18/07/2024,San Marco La Catola,FG,Mercoled ,2024,Luglio,84
349,M,Marsico Nuovo,PZ,14/06/1946,Foggia,FG,17/07/2024,12:00:00,18/07/2024,San Severo,FG,Mercoled ,2024,Luglio,78
350,F,Lucera,FG,14/01/1942,Foggia,FG,17/07/2024,10:15:00,18/07/2024,Lucera,FG,Mercoled ,2024,Luglio,82
351,M,Castelluccio Dei Sauri,FG,09/10/1940,Foggia,FG,18/07/2024,00:35:00,19/07/2024,Castelluccio Dei Sauri,FG,Gioved ,2024,Luglio,83
352,F,Ascoli Satriano,FG,20/11/1931,Foggia,FG,17/07/2024,18:00:00,19/07/2024,Ascoli Satriano,FG,Mercoled ,2024,Luglio,92
353,F,Lucera,FG,10/12/1943,Foggia,FG,19/07/2024,06:48:00,20/07/2024,Lucera,FG,Venerd ,2024,Luglio,80
354,M,Trapani,TP,25/12/1952,Foggia,FG,19/07/2024,11:04:00,20/07/2024,Trapani,TP,Venerd ,2024,Luglio,71
355,M,Cerignola,FG,11/09/1949,Foggia,FG,19/07/2024,14:15:00,20/07/2024,Cerignola,FG,Venerd ,2024,Luglio,74
356,M,Lucera,FG,24/03/1948,Foggia,FG,20/07/2024,00:10:00,22/07/2024,Lucera,FG,Sabato,2024,Luglio,76
357,M,Bisceglie,BT,20/06/1939,Foggia,FG,19/07/2024,07:33:00,22/07/2024,Bisceglie,BT,Venerd ,2024,Luglio,85
358,F,Sannicandro Garganico,FG,21/08/1947,Foggia,FG,20/07/2024,15:09:00,22/07/2024,Sannicandro Garganico,FG,Sabato,2024,Luglio,76
359,M,Foggia,FG,14/04/1978,Foggia,FG,21/07/2024,11:15:00,22/07/2024,Motta Montecorvino,FG,Domenica,2024,Luglio,46
360,F,Sannicandro Garganico,FG,22/08/1940,Foggia,FG,22/07/2024,07:25:00,23/07/2024,Sannicandro Garganico,FG,Luned ,2024,Luglio,83
361,M,Troia,FG,13/07/1941,Foggia,FG,24/07/2024,16:10:00,25/07/2024,Troia,FG,Mercoled ,2024,Luglio,83
362,F,Torremaggiore,FG,08/12/1937,Foggia,FG,24/07/2024,16:00:00,25/07/2024,Torremaggiore,FG,Mercoled ,2024,Luglio,86
363,M,Lucera,FG,31/08/1945,Foggia,FG,23/07/2024,21:30:00,25/07/2024,Lucera,FG,Marted ,2024,Luglio,78
364,M,Cerignola,FG,16/02/1932,Foggia,FG,24/07/2024,06:00:00,25/07/2024,Cerignola,FG,Mercoled ,2024,Luglio,92
365,M,Foggia,FG,15/08/1962,Foggia,FG,26/07/2024,06:00:00,27/07/2024,Orta Nova,FG,Venerd ,2024,Luglio,61
366,M,Burkina Faso,nd,01/01/1996,Foggia,FG,23/04/2024,21:00:00,27/07/2024,Burkina Faso,nd,Marted ,2024,Aprile,28
367,F,Lacedonia,AV,08/04/1944,Foggia,FG,26/07/2024,19:00:00,27/07/2024,Sant'Agata Di Puglia,FG,Venerd ,2024,Luglio,80
368,M,Bovino,FG,12/10/1936,Foggia,FG,27/07/2024,03:00:00,29/07/2024,Bovino,FG,Sabato,2024,Luglio,87
369,F,San Severo,FG,01/02/1940,Foggia,FG,28/07/2024,12:40:00,29/07/2024,San Severo,FG,Domenica,2024,Luglio,84
370,F,Castelluccio Dei Sauri,FG,13/05/1933,Foggia,FG,28/07/2024,03:04:00,29/07/2024,Castelluccio Dei Sauri,FG,Domenica,2024,Luglio,91
371,F,Bovino,FG,07/07/1934,Foggia,FG,27/07/2024,16:13:00,29/07/2024,Bovino,FG,Sabato,2024,Luglio,90
372,M,Foggia,FG,05/11/1951,Frameries,nd,26/06/2024,Non Disponibile,30/07/2024,Frameries,nd,Mercoled ,2024,Giugno,72
373,M,Orta Nova,FG,05/01/1941,Foggia,FG,29/07/2024,03:20:00,30/07/2024,Orta Nova,FG,Luned ,2024,Luglio,83
374,M,Accadia,FG,19/03/1936,Foggia,FG,29/07/2024,07:59:00,30/07/2024,Accadia,FG,Luned ,2024,Luglio,88
375,M,Bisaccia,AV,21/04/1928,Foggia,FG,01/08/2024,08:25:00,02/08/2024,Orta Nova,FG,Gioved ,2024,Agosto,96
376,M,Foggia,FG,28/01/1980,Foggia,FG,01/08/2024,20:00:00,02/08/2024,Troia,FG,Gioved ,2024,Agosto,44
377,F,Manfredonia,FG,05/05/1948,Foggia,FG,01/08/2024,21:30:00,02/08/2024,Manfredonia,FG,Gioved ,2024,Agosto,76
378,F,Andria,BT,26/02/1944,Foggia,FG,01/08/2024,18:45:00,02/08/2024,San Ferdinando Di Puglia,BT,Gioved ,2024,Agosto,80
379,M,Candela,FG,12/02/1932,Foggia,FG,02/08/2024,08:02:00,03/08/2024,Candela,FG,Venerd ,2024,Agosto,92
380,M,Orta Nova,FG,02/01/1949,Foggia,FG,02/08/2024,19:22:00,03/08/2024,Orta Nova,FG,Venerd ,2024,Agosto,75
381,M,Candela,FG,02/09/1955,Foggia,FG,03/08/2024,12:08:00,05/08/2024,Coccaglio,BS,Sabato,2024,Agosto,68
382,F,San Ferdinando Di Puglia,BT,02/01/1932,Foggia,FG,04/08/2024,04:34:00,05/08/2024,San Ferdinando Di Puglia,BT,Domenica,2024,Agosto,92
383,F,Bisegna,AQ,21/02/1929,Foggia,FG,03/08/2024,23:22:00,05/08/2024,Torino,TO,Sabato,2024,Agosto,95
384,M,Motta Montecorvino,FG,01/12/1935,Foggia,FG,02/08/2024,23:00:00,05/08/2024,Pietramontecorvino,FG,Venerd ,2024,Agosto,88
385,M,Lucera,FG,15/09/1964,Foggia,FG,03/08/2024,21:28:00,05/08/2024,Lucera,FG,Sabato,2024,Agosto,59
386,F,Foggia,FG,29/05/1937,Foggia,FG,04/08/2024,07:59:00,05/08/2024,Rocchetta Sant'Antonio,FG,Domenica,2024,Agosto,87
387,F,Alberona,FG,26/01/1937,Foggia,FG,03/08/2024,07:05:00,05/08/2024,Lucera,FG,Sabato,2024,Agosto,87
388,M,Bitonto,BA,24/06/1947,Foggia,FG,05/08/2024,03:09:00,06/08/2024,Cerignola,FG,Luned ,2024,Agosto,77
389,F,Rocchetta Sant'Antonio,FG,06/04/1947,Foggia,FG,05/08/2024,03:16:00,06/08/2024,Ascoli Satriano,FG,Luned ,2024,Agosto,77
390,F,Ucraina,nd,25/03/1944,Foggia,FG,04/08/2024,21:11:00,06/08/2024,Stornarella,FG,Domenica,2024,Agosto,80
391,F,Iasi,nd,05/10/1970,Foggia,FG,19/07/2024,22:45:00,06/08/2024,Romania,nd,Venerd ,2024,Luglio,53
392,M,San Ferdinando Di Puglia,BT,26/09/1944,Foggia,FG,05/08/2024,13:11:00,06/08/2024,Trinitapoli,BT,Luned ,2024,Agosto,79
393,M,Lucera,FG,02/05/1942,Sulzbach-Rosenberg,nd,08/07/2024,Non Disponibile,07/08/2024,Sulzbach-Rosenberg,nd,Luned ,2024,Luglio,82
394,M,Foggia,FG,04/08/2024,Foggia,FG,05/08/2024,14:03:00,07/08/2024,Barletta,BT,Luned ,2024,Agosto,0
395,M,Orta Nova,FG,24/05/1947,Foggia,FG,06/08/2024,16:26:00,07/08/2024,Orta Nova,FG,Marted ,2024,Agosto,77
396,M,Foggia,FG,22/06/1952,Foggia,FG,07/08/2024,09:30:00,08/08/2024,Lucera,FG,Mercoled ,2024,Agosto,72
397,M,Bellante,TE,17/09/1933,Foggia,FG,07/08/2024,12:00:00,08/08/2024,Bellante,TE,Mercoled ,2024,Agosto,90
398,M,Poggio Imperiale,FG,13/09/1946,Foggia,FG,08/08/2024,03:06:00,08/08/2024,Poggio Imperiale,FG,Gioved ,2024,Agosto,77
399,F,Spinazzola,BT,10/03/1951,Foggia,FG,08/08/2024,11:30:00,09/08/2024,Spinazzola,BT,Gioved ,2024,Agosto,73
400,F,Lucera,FG,22/10/1943,Foggia,FG,08/08/2024,10:42:00,09/08/2024,Lucera,FG,Gioved ,2024,Agosto,80
401,F,San Marco In Lamis,FG,25/02/1935,Foggia,FG,08/08/2024,10:50:00,09/08/2024,San Marco In Lamis,FG,Gioved ,2024,Agosto,89
402,F,Foggia,FG,27/06/1943,Foggia,FG,09/08/2024,01:28:00,10/08/2024,Orsara Di Puglia,FG,Venerd ,2024,Agosto,81
403,F,Bovino,FG,10/12/1925,Foggia,FG,09/08/2024,15:06:00,10/08/2024,Bovino,FG,Venerd ,2024,Agosto,98
404,M,Foggia,FG,02/02/1943,Foggia,FG,08/08/2024,22:54:00,10/08/2024,Carapelle,FG,Gioved ,2024,Agosto,81
405,F,Massafra,TA,31/07/1928,Foggia,FG,07/08/2024,20:22:00,10/08/2024,San Nicandro Garganico,FG,Mercoled ,2024,Agosto,96
406,F,Deliceto,FG,17/09/1957,Foggia,FG,11/08/2024,07:20:00,12/08/2024,Deliceto,FG,Domenica,2024,Agosto,66
407,M,Foggia,FG,20/09/1977,Foggia,FG,25/07/2024,11:35:00,12/08/2024,Bovino,FG,Gioved ,2024,Luglio,46
408,F,Vico Del Gargano,FG,08/01/1956,Foggia,FG,10/08/2024,09:20:00,12/08/2024,Carapelle,FG,Sabato,2024,Agosto,68
409,M,Monte Sant'Angelo,FG,12/01/1977,Foggia,FG,11/08/2024,11:40:00,12/08/2024,Monte Sant'Angelo,FG,Domenica,2024,Agosto,47
410,F,Napoli,NA,24/03/1944,Foggia,FG,12/08/2024,10:20:00,13/08/2024,Monteleone Di Puglia,FG,Luned ,2024,Agosto,80
411,M,Rignano Garganico,FG,26/11/1947,Stuttgart,nd,11/01/2024,Non Disponibile,13/08/2024,Stoccarda,nd,Gioved ,2024,Gennaio,76
412,F,Bovino,FG,23/05/1945,Foggia,FG,13/08/2024,20:30:00,14/08/2024,Bovino,FG,Marted ,2024,Agosto,79
413,F,Orta Nova,FG,07/06/1971,Foggia,FG,13/08/2024,12:40:00,14/08/2024,Orta Nova,FG,Marted ,2024,Agosto,53
414,F,Cerignola,FG,21/05/1944,Foggia,FG,13/08/2024,19:20:00,14/08/2024,Cerignola,FG,Marted ,2024,Agosto,80
415,M,Deliceto,FG,28/06/1959,Foggia,FG,15/08/2024,06:55:00,16/08/2024,Deliceto,FG,Gioved ,2024,Agosto,65
416,F,Casalnuovo Monterotaro,FG,18/12/1932,Foggia,FG,13/08/2024,23:50:00,16/08/2024,Torremaggiore,FG,Marted ,2024,Agosto,91
417,F,Deliceto,FG,30/03/1950,Foggia,FG,15/08/2024,05:54:00,16/08/2024,Panni,FG,Gioved ,2024,Agosto,74
418,F,Cerignola,FG,03/10/1934,Foggia,FG,15/08/2024,17:40:00,16/08/2024,Cerignola,FG,Gioved ,2024,Agosto,89
419,M,Lucera,FG,16/02/1942,Foggia,FG,15/08/2024,22:30:00,17/08/2024,Cerignola,FG,Gioved ,2024,Agosto,82
420,M,Lucera,FG,21/06/1932,Foggia,FG,15/08/2024,21:39:00,17/08/2024,Lucera,FG,Gioved ,2024,Agosto,92
421,M,Napoli,NA,30/05/1940,Foggia,FG,16/08/2024,12:00:00,17/08/2024,Napoli,NA,Venerd ,2024,Agosto,84
422,F,Stornarella,FG,30/07/1936,Foggia,FG,17/08/2024,19:40:00,19/08/2024,Orta Nova,FG,Sabato,2024,Agosto,88
423,F,Alberona,FG,09/08/1927,Foggia,FG,17/08/2024,00:10:00,19/08/2024,Lucera,FG,Sabato,2024,Agosto,97
424,F,San Marco In Lamis,FG,12/08/1987,Foggia,FG,17/08/2024,08:00:00,19/08/2024,San Nicandro Garganico,FG,Sabato,2024,Agosto,37
425,M,Roseto Valfortore,FG,13/01/1939,Foggia,FG,18/08/2024,05:50:00,19/08/2024,Roseto Valfortore,FG,Domenica,2024,Agosto,85
426,F,Cerignola,FG,01/11/1944,Foggia,FG,18/08/2024,11:00:00,19/08/2024,Cerignola,FG,Domenica,2024,Agosto,79
427,F,Foggia,FG,14/10/1942,Foggia,FG,18/08/2024,01:57:00,19/08/2024,Castelluccio Dei Sauri,FG,Domenica,2024,Agosto,81
428,F,Troia,FG,31/01/1935,Foggia,FG,19/08/2024,10:06:00,20/08/2024,Troia,FG,Luned ,2024,Agosto,89
429,F,Volturara Appula,FG,18/10/1933,Foggia,FG,20/08/2024,05:00:00,21/08/2024,Volturara Appula,FG,Marted ,2024,Agosto,90
430,F,Biccari,FG,10/11/1935,Foggia,FG,20/08/2024,10:24:00,21/08/2024,Biccari,FG,Marted ,2024,Agosto,88
431,F,Cerignola,FG,10/11/1946,Foggia,FG,21/08/2024,09:31:00,22/08/2024,Cerignola,FG,Mercoled ,2024,Agosto,77
432,M,Anzano Di Puglia,FG,30/03/1934,Foggia,FG,21/08/2024,01:20:00,22/08/2024,Cerignola,FG,Mercoled ,2024,Agosto,90
433,F,Celenza Valfortore,FG,31/08/1939,Foggia,FG,21/08/2024,18:43:00,22/08/2024,Lucera,FG,Mercoled ,2024,Agosto,84
434,F,Lucera,FG,20/05/1938,Foggia,FG,22/08/2024,03:00:00,23/08/2024,Lucera,FG,Gioved ,2024,Agosto,86
435,M,Lucera,FG,24/12/1939,Foggia,FG,22/08/2024,06:15:00,23/08/2024,Lucera,FG,Gioved ,2024,Agosto,84
436,F,Lucera,FG,25/06/1942,Foggia,FG,21/08/2024,20:20:00,23/08/2024,Lucera,FG,Mercoled ,2024,Agosto,82
437,M,Bisaccia,AV,13/06/1934,Foggia,FG,22/08/2024,11:00:00,23/08/2024,Ordona,FG,Gioved ,2024,Agosto,90
438,F,San Severo,FG,19/01/1949,Foggia,FG,23/08/2024,01:30:00,24/08/2024,San Severo,FG,Venerd ,2024,Agosto,75
439,M,Troia,FG,17/06/1944,Foggia,FG,25/08/2024,13:30:00,26/08/2024,Troia,FG,Domenica,2024,Agosto,80
440,F,Bovino,FG,18/09/1944,Foggia,FG,23/08/2024,13:40:00,26/08/2024,Stornara,FG,Venerd ,2024,Agosto,79
441,M,Lucera,FG,25/07/1940,Foggia,FG,24/08/2024,06:31:00,26/08/2024,Motta Montecorvino,FG,Sabato,2024,Agosto,84
442,M,Deliceto,FG,20/08/1936,Foggia,FG,26/08/2024,17:55:00,27/08/2024,Deliceto,FG,Luned ,2024,Agosto,88
443,F,Bovino,FG,05/07/1949,Foggia,FG,27/08/2024,13:20:00,28/08/2024,Bovino,FG,Marted ,2024,Agosto,75
444,F,Ternopil,ND,23/04/1947,Foggia,FG,24/08/2024,00:36:00,28/08/2024,Carapelle,FG,Sabato,2024,Agosto,77
445,M,Foggia,FG,24/03/1943,Foggia,FG,27/08/2024,09:50:00,28/08/2024,Carapelle,FG,Marted ,2024,Agosto,81
446,F,Lucera,FG,02/12/1948,Foggia,FG,28/08/2024,11:15:00,29/08/2024,Lucera,FG,Mercoled ,2024,Agosto,75
447,M,San Severo,FG,31/10/1941,Foggia,FG,27/08/2024,20:40:00,29/08/2024,Collegno,TO,Marted ,2024,Agosto,82
448,M,Lucera,FG,19/11/1935,Foggia,FG,28/08/2024,15:20:00,29/08/2024,Leporano,TA,Mercoled ,2024,Agosto,88
449,F,Torremaggiore,FG,12/10/1936,Foggia,FG,27/08/2024,22:45:00,29/08/2024,Torremaggiore,FG,Marted ,2024,Agosto,87
450,M,Poggio Imperiale,FG,19/03/1934,Foggia,FG,28/08/2024,20:00:00,29/08/2024,Poggio Imperiale,FG,Mercoled ,2024,Agosto,90
451,M,Anzano Di Puglia,FG,30/08/1961,Foggia,FG,30/08/2024,08:08:00,31/08/2024,Orta Nova,FG,Venerd ,2024,Agosto,63
452,M,Deliceto,FG,21/07/1948,Foggia,FG,31/08/2024,14:35:00,02/09/2024,Bovino,FG,Sabato,2024,Agosto,76
453,F,Mattinata,FG,30/01/1935,Foggia,FG,31/08/2024,21:30:00,02/09/2024,Carapelle,FG,Sabato,2024,Agosto,89
454,M,Desio,MB,05/06/1940,Foggia,FG,01/09/2024,17:03:00,03/09/2024,San Severo,FG,Domenica,2024,Settembre,84
455,M,Ferla,SR,05/04/1934,Tucson,ND,11/07/2024,07:12:00,03/09/2024,Vail, Az,ND,Gioved ,2024,Luglio,90
456,F,Manfredonia,FG,30/11/1931,Foggia,FG,02/09/2024,08:30:00,03/09/2024,Milano,MI,Luned ,2024,Settembre,92
457,M,San Severo,FG,08/09/1935,Foggia,FG,02/09/2024,06:00:00,03/09/2024,San Severo,FG,Luned ,2024,Settembre,88
458,F,Lucera,FG,14/05/1934,Foggia,FG,02/09/2024,12:30:00,03/09/2024,Lucera,FG,Luned ,2024,Settembre,90
459,M,Lucera,FG,30/07/1961,Foggia,FG,02/09/2024,20:33:00,04/09/2024,Lucera,FG,Luned ,2024,Settembre,63
460,M,Lacedonia,AV,02/04/1943,Foggia,FG,02/09/2024,10:40:00,04/09/2024,Ordona,FG,Luned ,2024,Settembre,81
461,M,Sannicandro Garganico,FG,13/09/1936,Foggia,FG,03/09/2024,12:25:00,04/09/2024,Sannicandro Garganico,FG,Marted ,2024,Settembre,87
462,F,Orta Nova,FG,09/05/1959,Foggia,FG,03/09/2024,06:47:00,04/09/2024,Orta Nova,FG,Marted ,2024,Settembre,65
463,F,L'Aquila,AQ,25/09/1960,Foggia,FG,04/09/2024,05:38:00,05/09/2024,Manfredonia,FG,Mercoled ,2024,Settembre,63
464,F,Cerignola,FG,22/05/1937,Foggia,FG,04/09/2024,09:00:00,05/09/2024,Cerignola,FG,Mercoled ,2024,Settembre,87
465,F,San Martino Valle Caudina,AV,01/08/1938,Foggia,FG,05/09/2024,13:50:00,06/09/2024,Deliceto,FG,Gioved ,2024,Settembre,86
466,M,Bulgaria,nd,05/08/1982,Foggia,FG,03/09/2024,07:00:00,06/09/2024,Carapelle,FG,Marted ,2024,Settembre,42
467,F,Accadia,FG,12/10/1931,Foggia,FG,06/09/2024,01:04:00,07/09/2024,Accadia,FG,Venerd ,2024,Settembre,92
468,M,Celenza Valfortore,FG,23/02/1938,Foggia,FG,06/09/2024,00:10:00,07/09/2024,Celenza Valfortore,FG,Venerd ,2024,Settembre,86
469,M,Cerignola,FG,07/02/1951,Foggia,FG,05/09/2024,12:00:00,07/09/2024,Cerignola,FG,Gioved ,2024,Settembre,73
470,F,Lucera,FG,17/04/1944,Foggia,FG,06/09/2024,06:23:00,07/09/2024,Lucera,FG,Venerd ,2024,Settembre,80
471,F,Lucera,FG,07/02/1935,Foggia,FG,06/09/2024,13:45:00,07/09/2024,Lucera,FG,Venerd ,2024,Settembre,89
472,M,Foggia,FG,28/03/1975,Foggia,FG,06/09/2024,03:10:00,07/09/2024,Candela,FG,Venerd ,2024,Settembre,49
473,F,Foggia,FG,22/02/1938,Foggia,FG,08/09/2024,05:54:00,09/09/2024,Deliceto,FG,Domenica,2024,Settembre,86
474,M,San Giovanni Rotondo,FG,05/05/2000,Foggia,FG,05/09/2024,18:45:00,09/09/2024,Vieste,FG,Gioved ,2024,Settembre,24
475,M,Bissari Lang Sedhiou,nd,10/01/1994,Foggia,FG,23/08/2024,19:50:00,09/09/2024,Senegal,nd,Venerd ,2024,Agosto,30
476,F,Serracapriola,FG,02/01/1944,Foggia,FG,08/09/2024,06:05:00,09/09/2024,Serracapriola,FG,Domenica,2024,Settembre,80
477,M,Orta Nova,FG,29/11/1951,Foggia,FG,09/09/2024,17:40:00,10/09/2024,Orta Nova,FG,Luned ,2024,Settembre,72
478,M,Lucera,FG,13/09/1951,Foggia,FG,08/09/2024,17:35:00,10/09/2024,Lucera,FG,Domenica,2024,Settembre,72
479,F,Pietramontecorvino,FG,16/07/1932,Foggia,FG,09/09/2024,16:53:00,10/09/2024,Pietramontecorvino,FG,Luned ,2024,Settembre,92
480,M,Foggia,FG,20/06/1974,Londra,nd,29/09/2023,Non Disponibile,10/09/2024,London,nd,Venerd ,2023,Settembre,49
481,M,Serracapriola,FG,17/08/1932,Foggia,FG,09/09/2024,07:30:00,10/09/2024,Serracapriola,FG,Luned ,2024,Settembre,92
482,M,Santa Croce Di Magliano,CB,25/01/1942,Foggia,FG,10/09/2024,10:41:00,11/09/2024,Serracapriola,FG,Marted ,2024,Settembre,82
483,M,Foggia,FG,04/05/1942,Foggia,FG,10/09/2024,08:26:00,11/09/2024,Acquaviva Collecroce,CB,Marted ,2024,Settembre,82
484,M,Tunisi,nd,24/01/1965,Foggia,FG,29/08/2024,20:05:00,12/09/2024,Non Risulta,nd,Gioved ,2024,Agosto,59
485,F,Monte Sant'Angelo,FG,21/03/1950,Foggia,FG,11/09/2024,01:40:00,12/09/2024,Carapelle,FG,Mercoled ,2024,Settembre,74
486,M,Lucera,FG,25/04/1925,Foggia,FG,11/09/2024,13:07:00,12/09/2024,Lucera,FG,Mercoled ,2024,Settembre,99
487,F,Foggia,FG,13/02/1962,Foggia,FG,12/09/2024,06:40:00,13/09/2024,Bovino,FG,Gioved ,2024,Settembre,62
488,F,Bari,BA,21/04/1937,Foggia,FG,12/09/2024,19:07:00,13/09/2024,Bari,BA,Gioved ,2024,Settembre,87
489,M,Bovino,FG,14/08/1945,Foggia,FG,12/09/2024,15:21:00,14/09/2024,Bovino,FG,Gioved ,2024,Settembre,79
490,M,Deliceto,FG,12/08/1967,Foggia,FG,13/09/2024,07:50:00,14/09/2024,Deliceto,FG,Venerd ,2024,Settembre,57
491,F,Grumo Nevano,NA,18/01/1961,Foggia,FG,13/09/2024,12:40:00,14/09/2024,Barletta,BT,Venerd ,2024,Settembre,63
492,F,Andria,BT,10/04/1944,Foggia,FG,13/09/2024,02:57:00,14/09/2024,Andria,BT,Venerd ,2024,Settembre,80
493,M,Stornarella,FG,31/08/1945,Foggia,FG,15/09/2024,06:25:00,16/09/2024,Stornarella,FG,Domenica,2024,Settembre,79
494,F,Foggia,FG,05/09/2024,Foggia,FG,14/09/2024,19:50:00,16/09/2024,Torremaggiore,FG,Sabato,2024,Settembre,0
495,F,Alberona,FG,22/02/1941,Foggia,FG,14/09/2024,07:50:00,16/09/2024,Lucera,FG,Sabato,2024,Settembre,83
496,F,Ariano Irpino,AV,26/11/1949,Foggia,FG,14/09/2024,05:56:00,16/09/2024,Celle Di San Vito,FG,Sabato,2024,Settembre,74
497,F,Barletta,BT,21/01/1929,Foggia,FG,14/09/2024,06:07:00,16/09/2024,Cerignola,FG,Sabato,2024,Settembre,95
498,M,Lucera,FG,05/09/1944,Foggia,FG,16/09/2024,06:16:00,17/09/2024,Lucera,FG,Luned ,2024,Settembre,80
499,F,Lucera,FG,05/09/1947,Foggia,FG,16/09/2024,13:38:00,17/09/2024,Lucera,FG,Luned ,2024,Settembre,77
500,F,Rocchetta Sant'Antonio,FG,08/03/1952,Foggia,FG,15/09/2024,13:15:00,17/09/2024,Rocchetta Sant'Antonio,FG,Domenica,2024,Settembre,72
501,M,Torino,TO,07/07/1978,Foggia,FG,17/09/2024,07:40:00,18/09/2024,Grugliasco,TO,Marted ,2024,Settembre,46
502,F,Castelluccio Dei Sauri,FG,18/06/1948,Foggia,FG,17/09/2024,05:50:00,18/09/2024,Castelluccio Dei Sauri,FG,Marted ,2024,Settembre,76
503,F,San Bartolomeo In Galdo,BN,14/07/1929,Foggia,FG,18/09/2024,05:06:00,18/09/2024,Lucera,FG,Mercoled ,2024,Settembre,95
504,F,Biccari,FG,03/09/1935,Foggia,FG,17/09/2024,02:00:00,18/09/2024,Biccari,FG,Marted ,2024,Settembre,89
505,F,Cerignola,FG,14/09/2001,Foggia,FG,04/09/2024,21:00:00,19/09/2024,Cerignola,FG,Mercoled ,2024,Settembre,22
506,M,Manfredonia,FG,27/04/1963,Foggia,FG,19/09/2024,08:04:00,20/09/2024,Manfredonia,FG,Gioved ,2024,Settembre,61
507,F,Torremaggiore,FG,15/01/1929,Foggia,FG,20/09/2024,02:12:00,21/09/2024,Torremaggiore,FG,Venerd ,2024,Settembre,95
508,F,Anzano Di Puglia,FG,21/05/1939,Foggia,FG,20/09/2024,21:40:00,23/09/2024,Anzano Di Puglia,FG,Venerd ,2024,Settembre,85
509,F,Canosa Di Puglia,BT,09/06/1937,Foggia,FG,22/09/2024,10:03:00,23/09/2024,Canosa Di Puglia,BT,Domenica,2024,Settembre,87
510,F,Rodi Garganico,FG,18/09/1945,Foggia,FG,21/09/2024,15:02:00,23/09/2024,Rodi Garganico,FG,Sabato,2024,Settembre,79
511,M,Orta Nova,FG,23/07/1946,Foggia,FG,20/09/2024,20:28:00,23/09/2024,Orta Nova,FG,Venerd ,2024,Settembre,78
512,F,San Marco La Catola,FG,29/11/1937,Foggia,FG,22/09/2024,17:25:00,24/09/2024,San Marco La Catola,FG,Domenica,2024,Settembre,86
513,F,San Severo,FG,14/02/1945,Foggia,FG,24/09/2024,10:00:00,25/09/2024,San Severo,FG,Marted ,2024,Settembre,79
514,F,Foggia,FG,25/04/1945,Foggia,FG,23/09/2024,19:54:00,25/09/2024,Orta Nova,FG,Luned ,2024,Settembre,79
515,M,Foggia,FG,30/09/1957,Foggia,FG,24/09/2024,23:25:00,26/09/2024,Candela,FG,Marted ,2024,Settembre,66
516,M,Giovinazzo,BA,06/10/1933,Foggia,FG,25/09/2024,08:45:00,26/09/2024,Manfredonia,FG,Mercoled ,2024,Settembre,90
517,F,Rocchetta Sant'Antonio,FG,21/03/1943,Foggia,FG,26/09/2024,06:10:00,27/09/2024,Rocchetta Sant'Antonio,FG,Gioved ,2024,Settembre,81
518,F,Troia,FG,11/09/1949,Foggia,FG,26/09/2024,07:08:00,27/09/2024,Troia,FG,Gioved ,2024,Settembre,75
519,F,Sant'Agata Di Puglia,FG,23/07/1956,Foggia,FG,28/09/2024,19:45:00,30/09/2024,Sant'Agata Di Puglia,FG,Sabato,2024,Settembre,68
520,M,Alberona,FG,07/06/1951,Foggia,FG,28/09/2024,18:30:00,30/09/2024,Lucera,FG,Sabato,2024,Settembre,73
521,M,Salerno,SA,06/01/1933,Foggia,FG,28/09/2024,12:16:00,30/09/2024,Castelnuovo Della Daunia,FG,Sabato,2024,Settembre,91
522,F,Serracapriola,FG,15/05/1930,Foggia,FG,28/09/2024,03:30:00,30/09/2024,Serracapriola,FG,Sabato,2024,Settembre,94
523,F,Foggia,FG,12/03/1956,Foggia,FG,30/09/2024,06:02:00,01/10/2024,Celenza Valfortore,FG,Luned ,2024,Settembre,68
524,F,San Marco In Lamis,FG,25/11/1940,Foggia,FG,30/09/2024,10:22:00,01/10/2024,San Marco In Lamis,FG,Luned ,2024,Settembre,83
525,F,San Paolo Di Civitate,FG,30/04/1948,Foggia,FG,30/09/2024,02:15:00,01/10/2024,San Paolo Di Civitate,FG,Luned ,2024,Settembre,76
526,M,Canosa Di Puglia,BT,25/08/1959,Foggia,FG,30/09/2024,07:30:00,01/10/2024,Canosa Di Puglia,BT,Luned ,2024,Settembre,65
527,M,Carlantino,FG,05/06/1956,Punta Umbria,nd,03/12/2011,21:00:00,01/10/2024,Mairena Del Aljarafe,nd,Sabato,2011,Dicembre,55
528,F,Volturino,FG,05/02/1941,Foggia,FG,28/09/2024,10:39:00,01/10/2024,Volturino,FG,Sabato,2024,Settembre,83
529,F,San Ferdinando Di Puglia,BT,10/12/1934,Foggia,FG,30/09/2024,18:15:00,02/10/2024,Carapelle,FG,Luned ,2024,Settembre,89
530,M,Deliceto,FG,07/10/1954,Foggia,FG,02/10/2024,22:40:00,04/10/2024,Ordona,FG,Mercoled ,2024,Ottobre,69
531,M,Alberona,FG,16/01/1950,Foggia,FG,02/10/2024,22:55:00,04/10/2024,Lucera,FG,Mercoled ,2024,Ottobre,74
532,M,San Severo,FG,19/12/1961,Foggia,FG,02/10/2024,18:40:00,04/10/2024,San Severo,FG,Mercoled ,2024,Ottobre,62
533,M,Castelluccio Dei Sauri,FG,02/08/1944,Foggia,FG,04/10/2024,04:46:00,05/10/2024,Castelluccio Dei Sauri,FG,Venerd ,2024,Ottobre,80
534,M,Ruvo Di Puglia,BA,25/11/1948,Foggia,FG,04/10/2024,06:15:00,05/10/2024,Canosa Di Puglia,BT,Venerd ,2024,Ottobre,75
535,M,Carpino,FG,13/06/1950,Foggia,FG,04/10/2024,11:45:00,05/10/2024,Carpino,FG,Venerd ,2024,Ottobre,74
536,F,Potenza,PZ,01/08/1937,Foggia,FG,05/10/2024,00:50:00,07/10/2024,Biccari,FG,Sabato,2024,Ottobre,87
537,F,Carpino,FG,07/08/1939,Foggia,FG,05/10/2024,05:15:00,07/10/2024,Cagnano Varano,FG,Sabato,2024,Ottobre,85
538,F,Monteleone Di Puglia,FG,06/06/1939,Foggia,FG,06/10/2024,11:56:00,07/10/2024,Monteleone Di Puglia,FG,Domenica,2024,Ottobre,85
539,F,Manfredonia,FG,26/10/1953,Foggia,FG,07/10/2024,20:48:00,08/10/2024,Manfredonia,FG,Luned ,2024,Ottobre,70
540,M,Torremaggiore,FG,18/03/1946,Foggia,FG,07/10/2024,23:30:00,09/10/2024,Torremaggiore,FG,Luned ,2024,Ottobre,78
541,F,Castelluccio Dei Sauri,FG,06/01/1945,Foggia,FG,08/10/2024,15:10:00,09/10/2024,Orta Nova,FG,Marted ,2024,Ottobre,79
542,M,San Paolo Di Civitate,FG,16/01/1947,Foggia,FG,07/10/2024,23:27:00,09/10/2024,Ortona,CH,Luned ,2024,Ottobre,77
543,M,Cerignola,FG,08/06/1967,Foggia,FG,10/10/2024,12:40:00,11/10/2024,Anagraficamente Irreperibile,nd,Gioved ,2024,Ottobre,57
544,M,Lucera,FG,23/10/1957,Foggia,FG,09/10/2024,20:09:00,11/10/2024,Lucera,FG,Mercoled ,2024,Ottobre,66
545,M,Carapelle,FG,11/01/1943,Foggia,FG,10/10/2024,09:09:00,11/10/2024,Carapelle,FG,Gioved ,2024,Ottobre,81
546,M,Serracapriola,FG,05/08/1958,Foggia,FG,10/10/2024,16:05:00,11/10/2024,Serracapriola,FG,Gioved ,2024,Ottobre,66
547,M,San Severo,FG,01/11/1931,Foggia,FG,11/10/2024,05:05:00,12/10/2024,San Severo,FG,Venerd ,2024,Ottobre,92
548,M,Cerignola,FG,29/01/1939,Foggia,FG,12/10/2024,10:58:00,14/10/2024,Cerignola,FG,Sabato,2024,Ottobre,85
549,F,Cerignola,FG,21/02/1939,Foggia,FG,13/10/2024,04:08:00,14/10/2024,Cerignola,FG,Domenica,2024,Ottobre,85
550,F,Monte Sant'Angelo,FG,20/06/1950,Foggia,FG,14/10/2024,02:01:00,15/10/2024,Manfredonia,FG,Luned ,2024,Ottobre,74
551,M,San Giovanni Rotondo,FG,05/10/1961,Foggia,FG,15/10/2024,01:08:00,16/10/2024,Lucera,FG,Marted ,2024,Ottobre,63
552,F,Orsara Di Puglia,FG,19/01/1926,Foggia,FG,15/10/2024,18:48:00,17/10/2024,Orsara Di Puglia,FG,Marted ,2024,Ottobre,98
553,M,Alberona,FG,30/09/1947,Foggia,FG,17/10/2024,10:00:00,18/10/2024,Alberona,FG,Gioved ,2024,Ottobre,77
554,M,Sannicandro Garganico,FG,04/09/1963,Foggia,FG,17/10/2024,01:30:00,18/10/2024,Sannicandro Garganico,FG,Gioved ,2024,Ottobre,61
555,F,Milano,MI,02/10/1968,Foggia,FG,18/10/2024,16:50:00,21/10/2024,San Severo,FG,Venerd ,2024,Ottobre,56
556,M,Troia,FG,19/10/1940,Foggia,FG,20/10/2024,09:18:00,21/10/2024,Troia,FG,Domenica,2024,Ottobre,84
557,M,Sieradz,nd,29/10/1965,Foggia,FG,18/10/2024,19:25:00,21/10/2024,Ascoli Satriano,FG,Venerd ,2024,Ottobre,58
558,M,Ponte,BN,23/04/1926,Foggia,FG,21/10/2024,19:45:00,22/10/2024,Ponte,BN,Luned ,2024,Ottobre,98
559,M,Castelluccio Dei Sauri,FG,24/09/1949,Hemsbach,nd,05/10/2024,Non Disponibile,22/10/2024,Hemsbach,nd,Sabato,2024,Ottobre,75
560,M,Pietramontecorvino,FG,17/08/1939,Foggia,FG,21/10/2024,23:57:00,23/10/2024,Lucera,FG,Luned ,2024,Ottobre,85
561,M,Foggia,FG,22/10/2024,Foggia,FG,22/10/2024,07:00:00,23/10/2024,Castelluccio Dei Sauri,FG,Marted ,2024,Ottobre,0
562,M,San Severo,FG,12/09/1957,Foggia,FG,23/10/2024,01:19:00,24/10/2024,San Severo,FG,Mercoled ,2024,Ottobre,67
563,F,Rocchetta Sant'Antonio,FG,21/05/1938,Foggia,FG,24/10/2024,06:25:00,25/10/2024,Rocchetta Sant'Antonio,FG,Gioved ,2024,Ottobre,86
564,F,Castelluccio Dei Sauri,FG,18/12/1932,Foggia,FG,26/10/2024,11:30:00,28/10/2024,Castelluccio Dei Sauri,FG,Sabato,2024,Ottobre,91
565,M,Foggia,FG,19/08/1965,Foggia,FG,27/10/2024,23:00:00,29/10/2024,Cerignola,FG,Domenica,2024,Ottobre,59
566,M,San Severo,FG,24/05/1961,Foggia,FG,28/10/2024,07:00:00,29/10/2024,San Severo,FG,Luned ,2024,Ottobre,63
567,M,Monte Sant'Angelo,FG,25/04/1938,Foggia,FG,29/10/2024,18:48:00,30/10/2024,Manfredonia,FG,Marted ,2024,Ottobre,86
568,F,Milano,MI,29/01/1937,Foggia,FG,28/10/2024,22:50:00,30/10/2024,Orta Nova,FG,Luned ,2024,Ottobre,87
569,F,Monte Sant'Angelo,FG,24/08/1944,Foggia,FG,29/10/2024,18:23:00,30/10/2024,Manfredonia,FG,Marted ,2024,Ottobre,80
570,F,San Severo,FG,30/03/1951,Foggia,FG,30/10/2024,13:30:00,31/10/2024,San Severo,FG,Mercoled ,2024,Ottobre,73
571,F,Lucera,FG,16/06/1927,Foggia,FG,29/10/2024,20:08:00,31/10/2024,Lucera,FG,Marted ,2024,Ottobre,97
572,F,Lucera,FG,24/06/1954,Foggia,FG,30/10/2024,16:16:00,31/10/2024,Lucera,FG,Mercoled ,2024,Ottobre,70
573,F,Cerignola,FG,14/08/1933,Foggia,FG,30/10/2024,02:25:00,31/10/2024,Cerignola,FG,Mercoled ,2024,Ottobre,91
574,F,Orta Nova,FG,26/08/1939,Foggia,FG,30/10/2024,10:38:00,31/10/2024,Orta Nova,FG,Mercoled ,2024,Ottobre,85
575,F,San Marco In Lamis,FG,02/11/1927,Foggia,FG,01/11/2024,10:30:00,02/11/2024,San Marco In Lamis,FG,Venerd ,2024,Novembre,96
576,F,San Severo,FG,22/02/1945,Foggia,FG,01/11/2024,16:00:00,02/11/2024,San Severo,FG,Venerd ,2024,Novembre,79
577,F,Deliceto,FG,04/03/1937,Foggia,FG,03/11/2024,05:14:00,04/11/2024,Accadia,FG,Domenica,2024,Novembre,87
578,F,Pietramontecorvino,FG,04/02/1926,Foggia,FG,04/11/2024,00:05:00,05/11/2024,Lucera,FG,Luned ,2024,Novembre,98
579,M,Chieuti,FG,22/07/1941,Foggia,FG,04/11/2024,13:50:00,05/11/2024,Chieuti,FG,Luned ,2024,Novembre,83
580,F,Canosa Di Puglia,BT,30/05/1953,Foggia,FG,05/11/2024,07:50:00,06/11/2024,Canosa Di Puglia,BT,Marted ,2024,Novembre,71
581,F,Orta Nova,FG,28/12/1929,Foggia,FG,05/11/2024,14:52:00,06/11/2024,Sammichele Di Bari,BA,Marted ,2024,Novembre,94
582,F,Lucera,FG,16/01/1935,Foggia,FG,06/11/2024,06:36:00,07/11/2024,Lucera,FG,Mercoled ,2024,Novembre,89
583,F,Deliceto,FG,10/11/1931,Foggia,FG,05/11/2024,20:40:00,07/11/2024,Deliceto,FG,Marted ,2024,Novembre,92
584,F,Faeto,FG,20/11/1946,Foggia,FG,06/11/2024,05:43:00,07/11/2024,Castelluccio Valmaggiore,FG,Mercoled ,2024,Novembre,77
585,F,Orsara Di Puglia,FG,24/06/1941,Foggia,FG,07/11/2024,17:35:00,08/11/2024,Orsara Di Puglia,FG,Gioved ,2024,Novembre,83
586,F,Mattinata,FG,03/01/1939,Foggia,FG,07/11/2024,07:37:00,08/11/2024,Orta Nova,FG,Gioved ,2024,Novembre,85
587,M,Alberona,FG,14/07/1935,Foggia,FG,07/11/2024,11:31:00,08/11/2024,Alberona,FG,Gioved ,2024,Novembre,89
588,M,Foggia,FG,05/03/1954,Dortmund,nd,22/10/2024,Non Disponibile,08/11/2024,Dortmund,nd,Marted ,2024,Ottobre,70
589,F,Trevico,AV,26/11/1949,Foggia,FG,11/11/2024,14:55:00,12/11/2024,Candela,FG,Luned ,2024,Novembre,74
590,M,Cerignola,FG,14/05/1946,Foggia,FG,14/11/2024,13:50:00,15/11/2024,Stornarella,FG,Gioved ,2024,Novembre,78
591,F,Carpino,FG,17/04/1931,Foggia,FG,14/11/2024,01:20:00,15/11/2024,Roma,RM,Gioved ,2024,Novembre,93
592,F,Troia,FG,08/09/1939,Foggia,FG,14/11/2024,05:40:00,15/11/2024,Troia,FG,Gioved ,2024,Novembre,85
593,M,Orsara Di Puglia,FG,06/06/1951,Foggia,FG,13/11/2024,21:50:00,15/11/2024,Orsara Di Puglia,FG,Mercoled ,2024,Novembre,73
594,F,Foggia,FG,08/10/1931,Foggia,FG,14/11/2024,21:49:00,16/11/2024,Motta Montecorvino,FG,Gioved ,2024,Novembre,93
595,M,Fragneto L'Abate,BN,01/06/1948,Foggia,FG,17/11/2024,05:30:00,18/11/2024,Torremaggiore,FG,Domenica,2024,Novembre,76
596,F,Cerignola,FG,05/04/1927,Foggia,FG,16/11/2024,06:53:00,18/11/2024,Cerignola,FG,Sabato,2024,Novembre,97
597,M,Foggia,FG,15/12/1955,Foggia,FG,18/11/2024,20:10:00,19/11/2024,Candela,FG,Luned ,2024,Novembre,68
598,M,Orta Nova,FG,16/05/1947,Foggia,FG,18/11/2024,04:02:00,19/11/2024,Carapelle,FG,Luned ,2024,Novembre,77
599,F,Lucera,FG,18/05/1948,Foggia,FG,20/11/2024,06:35:00,21/11/2024,Lucera,FG,Mercoled ,2024,Novembre,76
600,F,Lucito,CB,24/09/1942,Foggia,FG,20/11/2024,13:15:00,21/11/2024,Pescara,PE,Mercoled ,2024,Novembre,82
601,F,Foggia,FG,18/03/1974,Foggia,FG,19/11/2024,22:14:00,21/11/2024,Troia,FG,Marted ,2024,Novembre,50
602,F,Montaguto,AV,22/01/1931,Foggia,FG,19/11/2024,19:00:00,21/11/2024,Panni,FG,Marted ,2024,Novembre,93
603,M,San Bartolomeo In Galdo,BN,10/03/1945,Foggia,FG,20/11/2024,13:30:00,21/11/2024,San Bartolomeo In Galdo,BN,Mercoled ,2024,Novembre,79
604,F,Foggia,FG,13/11/2024,Foggia,FG,17/11/2024,04:40:00,21/11/2024,San Severo,FG,Domenica,2024,Novembre,0
605,M,Lucera,FG,09/11/1940,Foggia,FG,21/11/2024,08:00:00,22/11/2024,Lucera,FG,Gioved ,2024,Novembre,84
606,F,Motta Montecorvino,FG,07/12/1949,Foggia,FG,22/11/2024,15:45:00,23/11/2024,Lucera,FG,Venerd ,2024,Novembre,74
607,F,Volturara Appula,FG,12/10/1945,Foggia,FG,22/11/2024,06:21:00,23/11/2024,Lucera,FG,Venerd ,2024,Novembre,79
608,M,Cerignola,FG,04/08/1939,Foggia,FG,22/11/2024,05:45:00,23/11/2024,Cerignola,FG,Venerd ,2024,Novembre,85
609,F,Breznitsa,nd,20/09/1975,Foggia,FG,15/11/2024,15:40:00,25/11/2024,Breznitsa,nd,Venerd ,2024,Novembre,49
610,F,Orsara Di Puglia,FG,06/01/1943,Foggia,FG,23/11/2024,04:05:00,25/11/2024,Lucera,FG,Sabato,2024,Novembre,81
611,M,Barletta,BT,07/04/1949,Foggia,FG,26/11/2024,13:00:00,27/11/2024,Barletta,BT,Marted ,2024,Novembre,75
612,F,Chieuti,FG,27/02/1928,Foggia,FG,27/11/2024,04:54:00,28/11/2024,Chieuti,FG,Mercoled ,2024,Novembre,96
613,M,Genova,GE,29/10/1956,Foggia,FG,27/11/2024,11:30:00,29/11/2024,Stornara,FG,Mercoled ,2024,Novembre,68
614,F,Lucera,FG,10/12/1965,Foggia,FG,28/11/2024,00:17:00,29/11/2024,Lucera,FG,Gioved ,2024,Novembre,58
615,F,Orta Nova,FG,22/04/1941,Foggia,FG,27/11/2024,23:45:00,29/11/2024,Ordona,FG,Mercoled ,2024,Novembre,83
616,M,Capodrise,CE,25/06/1951,Foggia,FG,29/11/2024,06:04:00,30/11/2024,Apricena,FG,Venerd ,2024,Novembre,73
617,M,Lucera,FG,22/02/1969,Foggia,FG,28/11/2024,20:45:00,30/11/2024,Lucera,FG,Gioved ,2024,Novembre,55
618,M,Montaguto,AV,05/08/1938,Foggia,FG,29/11/2024,15:06:00,30/11/2024,Motta Montecorvino,FG,Venerd ,2024,Novembre,86
619,F,Lucera,FG,30/03/1941,Foggia,FG,30/11/2024,06:21:00,02/12/2024,Lucera,FG,Sabato,2024,Novembre,83
620,F,San Severo,FG,11/04/1937,Foggia,FG,30/11/2024,12:50:00,02/12/2024,San Severo,FG,Sabato,2024,Novembre,87
621,M,Lucera,FG,21/01/1937,Foggia,FG,30/11/2024,18:05:00,02/12/2024,Lucera,FG,Sabato,2024,Novembre,87
622,M,Manfredonia,FG,20/11/1946,Foggia,FG,30/11/2024,18:10:00,02/12/2024,Vieste,FG,Sabato,2024,Novembre,78
623,F,Lucera,FG,22/02/1952,Foggia,FG,01/12/2024,05:15:00,02/12/2024,Lucera,FG,Domenica,2024,Dicembre,72
624,M,San Bartolomeo In Galdo,BN,06/10/1934,Foggia,FG,01/12/2024,05:45:00,02/12/2024,Volturara Appula,FG,Domenica,2024,Dicembre,90
625,M,Montefalcone Di Val Fortore,BN,25/09/1954,Foggia,FG,02/12/2024,00:40:00,03/12/2024,Biccari,FG,Luned ,2024,Dicembre,70
626,F,Monteleone Di Puglia,FG,13/12/1929,Foggia,FG,01/12/2024,15:20:00,03/12/2024,Orta Nova,FG,Domenica,2024,Dicembre,94
627,M,Foggia,FG,12/08/1957,Foggia,FG,02/12/2024,11:30:00,03/12/2024,Carapelle,FG,Luned ,2024,Dicembre,67
628,F,Foggia,FG,25/01/1940,Cannes La Bocca,nd,04/07/2023,Non Disponibile,03/12/2024,Cannes,nd,Marted ,2023,Luglio,83
629,M,San Paolo Di Civitate,FG,22/10/1939,Foggia,FG,03/12/2024,05:20:00,04/12/2024,San Paolo Di Civitate,FG,Marted ,2024,Dicembre,85
630,M,Castelnuovo Della Daunia,FG,20/08/1941,Foggia,FG,03/12/2024,08:40:00,04/12/2024,Lucera,FG,Marted ,2024,Dicembre,83
631,M,Anzano Di Puglia,FG,25/09/1940,Foggia,FG,04/12/2024,14:11:00,05/12/2024,Anzano Di Puglia,FG,Mercoled ,2024,Dicembre,84
632,M,Lucera,FG,26/07/1971,Foggia,FG,04/12/2024,08:42:00,05/12/2024,Lucera,FG,Mercoled ,2024,Dicembre,53
633,M,Accadia,FG,24/01/1948,Foggia,FG,04/12/2024,00:22:00,05/12/2024,Accadia,FG,Mercoled ,2024,Dicembre,76
634,F,Lucera,FG,08/04/1939,Foggia,FG,04/12/2024,23:00:00,06/12/2024,Lucera,FG,Mercoled ,2024,Dicembre,85
635,F,Foggia,FG,20/02/1960,Foggia,FG,04/12/2024,18:45:00,06/12/2024,Orta Nova,FG,Mercoled ,2024,Dicembre,64
636,F,Cerignola,FG,13/06/1934,Foggia,FG,07/12/2024,11:00:00,09/12/2024,Cerignola,FG,Sabato,2024,Dicembre,90
637,F,Pietramontecorvino,FG,17/03/1937,Foggia,FG,06/12/2024,20:40:00,09/12/2024,Pietramontecorvino,FG,Venerd ,2024,Dicembre,87
638,F,Saint Pierre D'Albigny,nd,09/06/1955,Villeurbanne,nd,04/11/2015,Non Disponibile,09/12/2024,St. Alban Leysse,nd,Mercoled ,2015,Novembre,60
639,M,Apricena,FG,05/02/1939,Foggia,FG,08/12/2024,06:48:00,09/12/2024,Apricena,FG,Domenica,2024,Dicembre,85
640,M,Foggia,FG,02/02/1956,Foggia,FG,09/12/2024,05:10:00,10/12/2024,Orta Nova,FG,Luned ,2024,Dicembre,68
641,M,Orta Nova,FG,07/06/1964,Foggia,FG,10/12/2024,00:36:00,11/12/2024,Orta Nova,FG,Marted ,2024,Dicembre,60
642,F,Anzano Di Puglia,FG,02/07/1929,Foggia,FG,10/12/2024,01:51:00,11/12/2024,Ascoli Satriano,FG,Marted ,2024,Dicembre,95
643,M,Atessa,CH,07/10/1942,Foggia,FG,30/11/2024,19:35:00,12/12/2024,Atessa,CH,Sabato,2024,Novembre,82
644,M,Castelluccio Dei Sauri,FG,26/11/1961,Foggia,FG,11/12/2024,07:00:00,12/12/2024,Castelluccio Dei Sauri,FG,Mercoled ,2024,Dicembre,63
645,F,Torremaggiore,FG,14/03/1936,Foggia,FG,11/12/2024,18:20:00,13/12/2024,Torremaggiore,FG,Mercoled ,2024,Dicembre,88
646,F,Ascoli Satriano,FG,01/02/1936,Foggia,FG,13/12/2024,02:26:00,14/12/2024,Ascoli Satriano,FG,Venerd ,2024,Dicembre,88
647,F,Pietramontecorvino,FG,10/06/1950,Foggia,FG,13/12/2024,09:30:00,14/12/2024,Pietramontecorvino,FG,Venerd ,2024,Dicembre,74
648,M,Sant'Agata Di Puglia,FG,25/02/1948,Foggia,FG,15/12/2024,11:21:00,16/12/2024,Moncalieri,TO,Domenica,2024,Dicembre,76
649,M,Lesina,FG,02/11/1943,Foggia,FG,14/12/2024,03:35:00,16/12/2024,Lesina,FG,Sabato,2024,Dicembre,81
650,F,San Giovanni Rotondo,FG,26/05/1965,Foggia,FG,13/12/2024,23:51:00,16/12/2024,Monte Sant'Angelo,FG,Venerd ,2024,Dicembre,59
651,M,Orsara Di Puglia,FG,20/01/1948,Foggia,FG,14/12/2024,06:22:00,16/12/2024,Orsara Di Puglia,FG,Sabato,2024,Dicembre,76
652,F,Carapelle,FG,11/07/1929,Foggia,FG,16/12/2024,02:34:00,17/12/2024,Orta Nova,FG,Luned ,2024,Dicembre,95
653,M,Orta Nova,FG,02/06/1937,Foggia,FG,17/12/2024,06:20:00,18/12/2024,Orta Nova,FG,Marted ,2024,Dicembre,87
654,M,Orta Nova,FG,06/12/1957,Foggia,FG,16/12/2024,19:53:00,18/12/2024,Orta Nova,FG,Luned ,2024,Dicembre,67
655,F,Palermo,PA,11/01/1949,Foggia,FG,16/12/2024,15:08:00,19/12/2024,Napoli,NA,Luned ,2024,Dicembre,75
656,F,Vico Del Gargano,FG,20/07/1930,Foggia,FG,18/12/2024,13:50:00,19/12/2024,Vico Del Gargano,FG,Mercoled ,2024,Dicembre,94
657,M,Lucera,FG,18/05/1977,Foggia,FG,17/12/2024,21:09:00,19/12/2024,Lucera,FG,Marted ,2024,Dicembre,47
658,F,San Giovanni Rotondo,FG,06/01/1972,Foggia,FG,18/12/2024,08:15:00,19/12/2024,San Giovanni Rotondo,FG,Mercoled ,2024,Dicembre,52
659,F,Manfredonia,FG,20/03/1943,Foggia,FG,19/12/2024,11:15:00,20/12/2024,Orta Nova,FG,Gioved ,2024,Dicembre,81
660,M,Torremaggiore,FG,08/09/1955,Foggia,FG,22/12/2024,14:03:00,23/12/2024,Torremaggiore,FG,Domenica,2024,Dicembre,69
661,F,Lucera,FG,16/12/1970,Foggia,FG,21/12/2024,18:45:00,23/12/2024,Lucera,FG,Sabato,2024,Dicembre,54
662,M,Cerignola,FG,15/12/1945,Foggia,FG,22/12/2024,00:55:00,23/12/2024,Cerignola,FG,Domenica,2024,Dicembre,79
663,M,Serracapriola,FG,04/12/1956,Foggia,FG,22/12/2024,12:35:00,23/12/2024,Serracapriola,FG,Domenica,2024,Dicembre,68
664,M,Lucera,FG,24/11/1949,Foggia,FG,18/12/2024,14:00:00,23/12/2024,Lucera,FG,Mercoled ,2024,Dicembre,75
665,F,Ascoli Satriano,FG,03/06/1956,Foggia,FG,22/12/2024,14:21:00,24/12/2024,Ascoli Satriano,FG,Domenica,2024,Dicembre,68
666,F,Lucera,FG,26/05/1977,Foggia,FG,23/12/2024,10:40:00,24/12/2024,Lucera,FG,Luned ,2024,Dicembre,47
667,M,Motta Montecorvino,FG,24/06/1948,Foggia,FG,24/12/2024,22:40:00,26/12/2024,Lucera,FG,Marted ,2024,Dicembre,76
668,M,Casalnuovo Monterotaro,FG,13/01/1963,Foggia,FG,24/12/2024,13:24:00,26/12/2024,Casalnuovo Monterotaro,FG,Marted ,2024,Dicembre,61
669,F,San Severo,FG,28/05/1961,Foggia,FG,24/12/2024,17:50:00,26/12/2024,San Severo,FG,Marted ,2024,Dicembre,63
670,M,Biccari,FG,01/07/1928,Foggia,FG,25/12/2024,15:23:00,26/12/2024,Lucera,FG,Mercoled ,2024,Dicembre,96
671,F,Morcone,BN,10/04/1920,Foggia,FG,25/12/2024,08:23:00,26/12/2024,Orta Nova,FG,Mercoled ,2024,Dicembre,104
672,F,Cerignola,FG,19/07/1932,Foggia,FG,24/12/2024,23:25:00,26/12/2024,Cerignola,FG,Marted ,2024,Dicembre,92
673,M,Motta Montecorvino,FG,09/11/1954,Foggia,FG,26/12/2024,08:19:00,27/12/2024,Motta Montecorvino,FG,Gioved ,2024,Dicembre,70
674,M,Stornarella,FG,01/07/1929,Foggia,FG,26/12/2024,13:40:00,27/12/2024,Stornarella,FG,Gioved ,2024,Dicembre,95
675,M,Rocchetta Sant'Antonio,FG,17/10/1958,Foggia,FG,27/12/2024,11:00:00,28/12/2024,Ascoli Satriano,FG,Venerd ,2024,Dicembre,66
676,F,Lucera,FG,24/02/1941,Foggia,FG,27/12/2024,10:05:00,28/12/2024,Lucera,FG,Venerd ,2024,Dicembre,83
677,M,Torino,TO,14/09/1957,Foggia,FG,28/12/2024,23:40:00,30/12/2024,Lucera,FG,Sabato,2024,Dicembre,67
678,F,Panni,FG,28/12/1939,Foggia,FG,30/12/2024,06:00:00,31/12/2024,Panni,FG,Luned ,2024,Dicembre,85

