Numero,Sesso,Data di Nascita,Ora Nascita,Comune Nascita,Sigla Provincia o Stato Nascita,Comune Residenza,Sigla Provincia o Stato Residenza,Data Atto,Giorno Nascita,Giorno Settimana,Mese Nascita,Fascia Oraria
1,M,2024-01-01,01:39,Foggia,FG,Brennero,BZ,2024-01-08,1,Lunedi,Gennaio,Notte (00:00 - 05:59)
2,F,2024-01-03,14:13,Foggia,FG,Orta Nova,FG,2024-01-08,3,Mercoledi,Gennaio,Pomeriggio (12:00 - 17:59)
3,M,2024-01-04,12:25,Foggia,FG,Orsara Di Puglia,FG,2024-01-08,4,Giovedã¬,Gennaio,Pomeriggio (12:00 - 17:59)
4,F,2024-01-04,10:02,Foggia,FG,San Paolo Di Civitate,FG,2024-01-09,4,Giovedi,Gennaio,Mattina (06:00 - 11:59)
5,F,2024-01-04,14:35,Foggia,FG, Stornarella,FG,2024-01-09,4,Giovedi,Gennaio,Pomeriggio (12:00 - 17:59)
6,F,2024-01-06,08:10,Foggia,FG,San Giovanni Rotondo,FG,2024-01-09,6,Sabato,Gennaio,Mattina (06:00 - 11:59)
7,F,2024-01-05,13:30,Foggia,FG,Orsara Di Puglia,FG,2024-01-09,5,Venerdi,Gennaio,Pomeriggio (12:00 - 17:59)
8,F,2024-01-06,05:57,Foggia,FG,Rocchetta Sant'Antonio,FG,2024-01-09,6,Sabato,Gennaio,Notte (00:00 - 05:59)
9,M,2024-01-07,12:06,Foggia,FG,San Marco In Lamis,FG,2024-01-10,7,Domenica,Gennaio,Pomeriggio (12:00 - 17:59)
10,M,2024-01-06,09:38,Foggia,FG, Manfredonia,FG,2024-01-12,6,Sabato,Gennaio,Mattina (06:00 - 11:59)
11,M,2024-01-08,16:15,Foggia,FG,San Nicandro Garganico,FG,2024-01-16,8,Lunedi,Gennaio,Pomeriggio (12:00 - 17:59)
12,F,2024-01-06,03:29,Foggia,FG, Cerignola,FG,2024-01-16,6,Sabato,Gennaio,Notte (00:00 - 05:59)
13,F,2024-01-09,18:58,Foggia,FG,Cerignola,FG,2024-01-16,9,Martedi,Gennaio,Sera (18:00 - 23:59)
14,F,2024-01-12,10:07,Foggia,FG,Cho,ES,2024-01-16,12,Venerdi,Gennaio,Mattina (06:00 - 11:59)
15,F,2024-01-12,21:27,Foggia,FG,Torremaggiore,FG,2024-01-16,12,Venerd ,Gennaio,Sera (18:00 - 23:59)
16,M,2024-01-16,01:09,Foggia,FG,Manfredonia,FG,2024-01-16,16,Martedi,Gennaio,Notte (00:00 - 05:59)
17,F,2024-01-13,09:31,Foggia,FG,San Paolo Di Civitate,FG,2024-01-17,13,Sabato,Gennaio,Mattina (06:00 - 11:59)
18,M,2024-01-13,12:22,Foggia,FG, Lucera,FG,2024-01-17,13,Sabato,Gennaio,Pomeriggio (12:00 - 17:59)
19,F,2024-01-12,12:19,Foggia,FG,Orta Nova,FG,2024-01-19,12,Venerd ,Gennaio,Pomeriggio (12:00 - 17:59)
20,M,2024-01-14,02:48,Foggia,FG,Trinitapoli,BT,2024-01-19,14,Domenica,Gennaio,Notte (00:00 - 05:59)
21,M,2024-01-14,12:27,Foggia,FG,Orta Nova,FG,2024-01-19,14,Domenica,Gennaio,Pomeriggio (12:00 - 17:59)
22,M,2024-01-14,22:16,Foggia,FG,Orsara Di Puglia,FG,2024-01-22,14,Domenica,Gennaio,Sera (18:00 - 23:59)
23,M,2024-01-15,09:03,Foggia,FG,Roma,RM,2024-01-22,15,Luned ,Gennaio,Mattina (06:00 - 11:59)
24,M,2024-01-18,08:42,Foggia,FG,Empoli,FI,2024-01-22,18,Giovedi,Gennaio,Mattina (06:00 - 11:59)
25,F,2024-01-17,01:59,Foggia,FG,Lucera,FG,2024-01-23,17,Mercoledi,Gennaio,Notte (00:00 - 05:59)
26,F,2024-01-20,14:57,Foggia,FG,Montalto Uffugo,CS,2024-01-23,20,Sabato,Gennaio,Pomeriggio (12:00 - 17:59)
27,M,2024-01-18,20:14,Foggia,FG,Troia,FG,2024-01-23,18,Gioved ,Gennaio,Sera (18:00 - 23:59)
28,F,2024-01-19,21:12,Foggia,FG,Lucera,FG,2024-01-24,19,Venerd ,Gennaio,Sera (18:00 - 23:59)
29,M,2024-01-22,12:07,Foggia,FG,Frosinone,FR,2024-01-24,22,Luned ,Gennaio,Pomeriggio (12:00 - 17:59)
30,M,2024-01-21,16:26,Foggia,FG,Non Disponibile,Non Disponibile,2024-01-24,21,Domenica,Gennaio,Pomeriggio (12:00 - 17:59)
31,M,2024-01-22,08:07,Foggia,FG,Mattinata,FG,2024-01-24,22,Luned ,Gennaio,Mattina (06:00 - 11:59)
32,F,2024-01-23,20:39,Foggia,FG,Peschici,FG,2024-01-25,23,Marted ,Gennaio,Sera (18:00 - 23:59)
33,F,2024-01-22,07:40,Foggia,FG,Castelnuovo Della Daunia,FG,2024-01-25,22,Luned ,Gennaio,Mattina (06:00 - 11:59)
34,F,2024-01-21,02:46,Foggia,FG, Stornarella,FG,2024-01-25,21,Domenica,Gennaio,Notte (00:00 - 05:59)
35,F,2024-01-22,10:06,Foggia,FG,Ascoli Satriano,FG,2024-01-29,22,Luned ,Gennaio,Mattina (06:00 - 11:59)
36,F,2024-01-24,14:45,Foggia,FG,Manfredonia,FG,2024-01-29,24,Mercoled ,Gennaio,Pomeriggio (12:00 - 17:59)
37,F,2024-01-23,23:33,Foggia,FG,Non Disponibile,Non Disponibile,2024-01-29,23,Marted ,Gennaio,Sera (18:00 - 23:59)
38,M,2024-01-24,10:19,Foggia,FG,Cerignola,FG,2024-01-29,24,Mercoled ,Gennaio,Mattina (06:00 - 11:59)
39,F,2024-01-28,12:39,Foggia,FG,Orta Nova,FG,2024-01-29,28,Domenica,Gennaio,Pomeriggio (12:00 - 17:59)
40,F,2024-01-26,12:11,Foggia,FG,Volturino,FG,2024-01-29,26,Venerd ,Gennaio,Pomeriggio (12:00 - 17:59)
41,M,2024-01-24,22:01,Foggia,FG,Orta Nova,FG,2024-01-30,24,Mercoled ,Gennaio,Sera (18:00 - 23:59)
42,F,2024-01-26,16:29,Foggia,FG,Stornarella,FG,2024-01-30,26,Venerd ,Gennaio,Pomeriggio (12:00 - 17:59)
43,M,2024-01-27,19:50,Foggia,FG,Non Disponibile,Non Disponibile,2024-01-31,27,Sabato,Gennaio,Sera (18:00 - 23:59)
44,M,2024-01-28,03:38,Foggia,FG,Ancona,AN,2024-01-31,28,Domenica,Gennaio,Notte (00:00 - 05:59)
45,F,2024-01-29,11:19,Foggia,FG,Castelluccio Dei Sauri,FG,2024-02-01,29,Luned ,Gennaio,Mattina (06:00 - 11:59)
46,M,2024-01-29,10:08,Foggia,FG,Canosa Di Puglia,BT,2024-02-02,29,Luned ,Gennaio,Mattina (06:00 - 11:59)
47,M,2024-01-29,23:21,Foggia,FG,Manfredonia,FG,2024-02-02,29,Luned ,Gennaio,Sera (18:00 - 23:59)
48,F,2024-01-30,13:16,Foggia,FG,Vieste,FG,2024-02-05,30,Marted ,Gennaio,Pomeriggio (12:00 - 17:59)
49,M,2024-01-30,05:38,Foggia,FG,Orsara Di Puglia,FG,2024-02-05,30,Marted ,Gennaio,Notte (00:00 - 05:59)
50,M,2024-02-01,19:57,Foggia,FG,Tychy,PL,2024-02-05,1,Gioved ,Febbraio,Sera (18:00 - 23:59)
51,F,2024-01-31,15:55,Foggia,FG,Lucera,FG,2024-02-06,31,Mercoled ,Gennaio,Pomeriggio (12:00 - 17:59)
52,F,2024-02-04,17:07,Foggia,FG,Cerignola,FG,2024-02-06,4,Domenica,Febbraio,Pomeriggio (12:00 - 17:59)
53,M,2024-01-31,09:50,Foggia,FG,Torremaggiore,FG,2024-02-06,31,Mercoled ,Gennaio,Mattina (06:00 - 11:59)
54,M,2024-01-10,Orario Non Disponibile,Tychy,PL,Madrid,ES,2025-02-21,10,Mercoled ,Gennaio,Non Disponibile
55,F,2024-02-05,21:10,Foggia,FG,Vieste,FG,2024-02-07,5,Luned ,Febbraio,Sera (18:00 - 23:59)
56,M,2024-02-05,22:32,Foggia,FG,Bagnaria Arsa,UD,2024-02-09,5,Luned ,Febbraio,Sera (18:00 - 23:59)
57,F,2024-02-03,09:40,Foggia,FG,Stornarella,FG,2024-02-09,3,Sabato,Febbraio,Mattina (06:00 - 11:59)
58,F,2024-02-06,10:10,Foggia,FG,Rodi Garganico,FG,2024-02-09,6,Marted ,Febbraio,Mattina (06:00 - 11:59)
59,M,2024-02-08,01:28,Foggia,FG,Volturino,FG,2024-02-12,8,Gioved ,Febbraio,Notte (00:00 - 05:59)
60,M,2024-02-07,18:56,Foggia,FG,Lucera,FG,2024-02-12,7,Mercoled ,Febbraio,Sera (18:00 - 23:59)
61,F,2024-02-07,10:45,Foggia,FG,Non Disponibile,Non Disponibile,2024-02-12,7,Mercoled ,Febbraio,Mattina (06:00 - 11:59)
62,F,2024-02-11,04:46,Foggia,FG,San Marco In Lamis,FG,2024-02-12,11,Domenica,Febbraio,Notte (00:00 - 05:59)
63,M,2024-02-10,18:31,Foggia,FG, Maschito,PZ,2024-02-12,10,Sabato,Febbraio,Sera (18:00 - 23:59)
64,F,2024-02-10,23:38,Foggia,FG,Manfredonia,FG,2024-02-12,10,Sabato,Febbraio,Sera (18:00 - 23:59)
65,M,2024-02-09,08:56,Foggia,FG,Ascoli Satriano,FG,2024-02-13,9,Venerd ,Febbraio,Mattina (06:00 - 11:59)
66,M,2024-02-10,13:23,Foggia,FG,Vieste,FG,2024-02-14,10,Sabato,Febbraio,Pomeriggio (12:00 - 17:59)
67,F,2024-02-09,15:04,Foggia,FG,Orta Nova,FG,2024-02-16,9,Venerd ,Febbraio,Pomeriggio (12:00 - 17:59)
68,F,2024-02-12,09:29,Foggia,FG,Manfredonia,FG,2024-02-16,12,Luned ,Febbraio,Mattina (06:00 - 11:59)
69,M,2024-02-13,12:40,Foggia,FG,Castelluccio Dei Sauri,FG,2024-02-19,13,Marted ,Febbraio,Pomeriggio (12:00 - 17:59)
70,M,2024-02-15,06:52,Foggia,FG, Bari,BA,2024-02-19,15,Gioved ,Febbraio,Mattina (06:00 - 11:59)
71,F,2024-02-15,20:35,Foggia,FG,Apricena,FG,2024-02-19,15,Gioved ,Febbraio,Sera (18:00 - 23:59)
72,M,2024-02-17,18:22,Foggia,FG,Vieste,FG,2024-02-20,17,Sabato,Febbraio,Sera (18:00 - 23:59)
73,F,2024-02-18,04:17,Foggia,FG,Apricena,FG,2024-02-20,18,Domenica,Febbraio,Notte (00:00 - 05:59)
74,F,2024-02-16,11:55,Foggia,FG,Torremaggiore,FG,2024-02-21,16,Venerd ,Febbraio,Mattina (06:00 - 11:59)
75,M,2024-02-19,01:32,Foggia,FG,Cannes La Bocca,FR,2024-02-23,19,Luned ,Febbraio,Notte (00:00 - 05:59)
76,M,2024-02-18,17:09,Foggia,FG,Deliceto,FG,2024-02-23,18,Domenica,Febbraio,Pomeriggio (12:00 - 17:59)
77,M,2024-02-19,21:48,Foggia,FG,Lecce,LE,2024-02-26,19,Luned ,Febbraio,Sera (18:00 - 23:59)
78,M,2024-01-03,04:11,Cannes,FR,San Severo,FG,2024-01-05,3,Mercoled ,Gennaio,Notte (00:00 - 05:59)
79,F,2024-02-20,10:31,Foggia,FG,Roseto Valfortore,FG,2024-02-26,20,Marted ,Febbraio,Mattina (06:00 - 11:59)
80,M,2024-02-25,10:16,Foggia,FG, Vieste,FG,2024-02-26,25,Domenica,Febbraio,Mattina (06:00 - 11:59)
81,M,2024-02-20,16:41,Foggia,FG,Lesina,FG,2024-02-26,20,Marted ,Febbraio,Pomeriggio (12:00 - 17:59)
82,F,2024-02-23,16:34,Foggia,FG,Adeje,ES,2024-02-26,23,Venerd ,Febbraio,Pomeriggio (12:00 - 17:59)
83,F,2024-02-24,22:58,Foggia,FG,San Paolo Di Civitate,FG,2024-02-26,24,Sabato,Febbraio,Sera (18:00 - 23:59)
84,F,2024-01-19,13:39,Santa Cruz De Tenerife,ES,Bielefeld,DE,2025-02-03,19,Venerd ,Gennaio,Pomeriggio (12:00 - 17:59)
85,M,2024-02-23,06:15,Foggia,FG,Ripacandida,PZ,2024-02-26,23,Venerd ,Febbraio,Mattina (06:00 - 11:59)
86,M,2024-02-23,18:08,Foggia,FG,Cerignola,FG,2024-02-26,23,Venerd ,Febbraio,Sera (18:00 - 23:59)
87,F,2024-02-22,09:12,Foggia,FG,Manfredonia,FG,2024-02-27,22,Gioved ,Febbraio,Mattina (06:00 - 11:59)
88,M,2024-02-26,22:39,Foggia,FG,San Paolo Di Civitate,FG,2024-02-27,26,Luned ,Febbraio,Sera (18:00 - 23:59)
89,M,2024-02-25,13:53,Foggia,FG,Vico Del Gargano,FG,2024-02-28,25,Domenica,Febbraio,Pomeriggio (12:00 - 17:59)
90,F,2024-02-27,14:31,Foggia,FG,Lucera,FG,2024-02-28,27,Marted ,Febbraio,Pomeriggio (12:00 - 17:59)
91,F,2024-02-27,01:46,Foggia,FG,Cagnano Varano,FG,2024-03-01,27,Marted ,Febbraio,Notte (00:00 - 05:59)
92,F,2024-02-29,14:26,Foggia,FG,Lesina,FG,2024-03-01,29,Gioved ,Febbraio,Pomeriggio (12:00 - 17:59)
93,F,2024-02-29,17:01,Foggia,FG,Vieste,FG,2024-03-04,29,Gioved ,Febbraio,Pomeriggio (12:00 - 17:59)
94,M,2024-03-02,13:40,Foggia,FG,Lucera,FG,2024-03-04,2,Sabato,Marzo,Pomeriggio (12:00 - 17:59)
95,F,2024-03-02,06:01,Foggia,FG,Stornara,FG,2024-03-04,2,Sabato,Marzo,Mattina (06:00 - 11:59)
96,F,2024-03-02,04:19,Foggia,FG,Manfredonia,FG,2024-03-04,2,Sabato,Marzo,Notte (00:00 - 05:59)
97,F,2024-03-01,10:58,Foggia,FG,Lucera,FG,2024-03-04,1,Venerd ,Marzo,Mattina (06:00 - 11:59)
98,M,2024-03-01,17:44,Foggia,FG,Bari,BA,2024-03-05,1,Venerd ,Marzo,Pomeriggio (12:00 - 17:59)
99,M,2024-03-04,17:54,Foggia,FG,Lucera,FG,2024-03-05,4,Luned ,Marzo,Pomeriggio (12:00 - 17:59)
100,M,2024-03-04,04:05,Foggia,FG,Orta Nova,FG,2024-03-06,4,Luned ,Marzo,Notte (00:00 - 05:59)
101,M,2024-03-05,09:43,Foggia,FG,Stornarella,FG,2024-03-06,5,Marted ,Marzo,Mattina (06:00 - 11:59)
102,M,2024-03-04,19:08,Foggia,FG,Stornarella,FG,2024-03-07,4,Luned ,Marzo,Sera (18:00 - 23:59)
103,M,2024-03-06,16:49,Foggia,FG,Bari,BA,2024-03-07,6,Mercoled ,Marzo,Pomeriggio (12:00 - 17:59)
104,F,2024-03-05,16:30,Foggia,FG,Cerignola,FG,2024-03-07,5,Marted ,Marzo,Pomeriggio (12:00 - 17:59)
105,F,2024-03-05,13:28,Foggia,FG,Serracapriola,FG,2024-03-07,5,Marted ,Marzo,Pomeriggio (12:00 - 17:59)
106,F,2024-03-06,19:21,Foggia,FG,Cerignola,FG,2024-03-07,6,Mercoled ,Marzo,Sera (18:00 - 23:59)
107,F,2024-03-06,10:09,Foggia,FG,Manfredonia,FG,2024-03-08,6,Mercoled ,Marzo,Mattina (06:00 - 11:59)
108,M,2024-03-08,03:36,Foggia,FG,Atella,PZ,2024-03-08,8,Venerd ,Marzo,Notte (00:00 - 05:59)
109,F,2024-03-06,13:47,Foggia,FG,Trinitapoli,BT,2024-03-11,6,Mercoled ,Marzo,Pomeriggio (12:00 - 17:59)
110,F,2024-03-07,21:29,Foggia,FG,Massafra,TA,2024-03-11,7,Gioved ,Marzo,Sera (18:00 - 23:59)
111,M,2024-03-09,08:51,Foggia,FG,Lucera,FG,2024-03-11,9,Sabato,Marzo,Mattina (06:00 - 11:59)
112,M,2024-03-08,20:21,Foggia,FG,Lucera,FG,2024-03-11,8,Venerd ,Marzo,Sera (18:00 - 23:59)
113,F,2024-03-08,15:25,Foggia,FG,Massafra,TA,2024-03-11,8,Venerd ,Marzo,Pomeriggio (12:00 - 17:59)
114,M,2024-03-09,08:48,Foggia,FG,Lucera,FG,2024-03-11,9,Sabato,Marzo,Mattina (06:00 - 11:59)
115,M,2024-03-08,05:14,Foggia,FG,Manfredonia,FG,2024-03-11,8,Venerd ,Marzo,Notte (00:00 - 05:59)
116,F,2024-03-08,12:46,Foggia,FG,Orta Nova,FG,2024-03-11,8,Venerd ,Marzo,Pomeriggio (12:00 - 17:59)
117,M,2024-03-08,21:47,Foggia,FG,San Paolo Di Civitate,FG,2024-03-11,8,Venerd ,Marzo,Sera (18:00 - 23:59)
118,F,2024-03-08,19:06,Foggia,FG, Lucera,FG,2024-03-11,8,Venerd ,Marzo,Sera (18:00 - 23:59)
119,M,2024-03-07,16:10,Foggia,FG,Sosnowiec,PL,2024-03-12,7,Gioved ,Marzo,Pomeriggio (12:00 - 17:59)
120,F,2024-01-12,Orario Non Disponibile,Katowice,PL,Non Disponibile,Non Disponibile,2024-12-30,12,Venerd ,Gennaio,Non Disponibile
121,M,2024-03-12,23:10,Foggia,FG,San Ferdinando Di Puglia,BT,2024-03-14,12,Marted ,Marzo,Sera (18:00 - 23:59)
122,F,2024-03-11,13:38,Foggia,FG,Orta Nova,FG,2024-03-14,11,Luned ,Marzo,Pomeriggio (12:00 - 17:59)
123,M,2024-03-12,08:55,Foggia,FG,Orta Nova,FG,2024-03-14,12,Marted ,Marzo,Mattina (06:00 - 11:59)
124,F,2024-03-13,09:31,Foggia,FG,Ariano Irpino,AV,2024-03-15,13,Mercoled ,Marzo,Mattina (06:00 - 11:59)
125,F,2024-03-12,04:13,Foggia,FG,Candela,FG,2024-03-15,12,Marted ,Marzo,Notte (00:00 - 05:59)
126,F,2024-03-13,20:59,Foggia,FG,Torremaggiore,FG,2024-03-15,13,Mercoled ,Marzo,Sera (18:00 - 23:59)
127,M,2024-03-14,13:36,Foggia,FG,Bovino,FG,2024-03-15,14,Gioved ,Marzo,Pomeriggio (12:00 - 17:59)
128,F,2024-03-15,15:02,Foggia,FG,Troia,FG,2024-03-18,15,Venerd ,Marzo,Pomeriggio (12:00 - 17:59)
129,F,2024-03-16,13:23,Foggia,FG,Macerata,MC,2024-03-18,16,Sabato,Marzo,Pomeriggio (12:00 - 17:59)
130,M,2024-03-15,17:16,Foggia,FG,Vico Del Gargano,FG,2024-03-18,15,Venerd ,Marzo,Pomeriggio (12:00 - 17:59)
131,F,2024-03-16,10:51,Foggia,FG,Celle Di San Vito,FG,2024-03-18,16,Sabato,Marzo,Mattina (06:00 - 11:59)
132,M,2024-03-17,08:16,Foggia,FG,Biccari,FG,2024-03-19,17,Domenica,Marzo,Mattina (06:00 - 11:59)
133,M,2024-03-16,19:08,Foggia,FG,Carapelle,FG,2024-03-19,16,Sabato,Marzo,Sera (18:00 - 23:59)
134,M,2024-03-18,11:48,Foggia,FG,Pietramontecorvino,FG,2024-03-20,18,Luned ,Marzo,Mattina (06:00 - 11:59)
135,M,2024-03-23,20:17,Foggia,FG, Pescara,PE,2024-03-25,23,Sabato,Marzo,Sera (18:00 - 23:59)
136,M,2024-03-22,08:55,Foggia,FG,San Severo,FG,2024-03-25,22,Venerd ,Marzo,Mattina (06:00 - 11:59)
137,M,2024-03-23,10:23,Foggia,FG,Gradisca D'Isonzo,GO,2024-03-25,23,Sabato,Marzo,Mattina (06:00 - 11:59)
138,M,2024-03-22,12:48,Foggia,FG,Orta Nova,FG,2024-03-25,22,Venerd ,Marzo,Pomeriggio (12:00 - 17:59)
139,M,2024-03-22,21:32,Foggia,FG,Ascoli Satriano,FG,2024-03-25,22,Venerd ,Marzo,Sera (18:00 - 23:59)
140,M,2024-03-24,23:01,Foggia,FG,Termoli,CB,2024-03-26,24,Domenica,Marzo,Sera (18:00 - 23:59)
141,M,2024-03-23,14:38,Foggia,FG,Orsara Di Puglia,FG,2024-03-26,23,Sabato,Marzo,Pomeriggio (12:00 - 17:59)
142,F,2024-03-21,10:39,Foggia,FG,Orta Nova,FG,2024-03-26,21,Gioved ,Marzo,Mattina (06:00 - 11:59)
143,F,2024-03-24,07:42,Foggia,FG,Carapelle,FG,2024-03-26,24,Domenica,Marzo,Mattina (06:00 - 11:59)
144,F,2024-03-24,15:08,Foggia,FG,Candela,FG,2024-03-27,24,Domenica,Marzo,Pomeriggio (12:00 - 17:59)
145,F,2024-03-27,11:14,Foggia,FG,Lesina,FG,2024-03-28,27,Mercoled ,Marzo,Mattina (06:00 - 11:59)
146,F,2024-03-27,16:00,Foggia,FG,Vieste,FG,2024-03-28,27,Mercoled ,Marzo,Pomeriggio (12:00 - 17:59)
147,M,2024-03-26,17:02,Foggia,FG,Vieste,FG,2024-03-28,26,Marted ,Marzo,Pomeriggio (12:00 - 17:59)
148,F,2024-03-29,07:18,Foggia,FG,Vico Del Gargano,FG,2024-03-29,29,Venerd ,Marzo,Mattina (06:00 - 11:59)
149,F,2024-03-28,09:16,Foggia,FG,Lucera,FG,2024-03-29,28,Gioved ,Marzo,Mattina (06:00 - 11:59)
150,M,2024-03-29,09:48,Foggia,FG,Manfredonia,FG,2024-03-29,29,Venerd ,Marzo,Mattina (06:00 - 11:59)
151,F,2024-03-29,02:26,Foggia,FG,Lucera,FG,2024-03-29,29,Venerd ,Marzo,Notte (00:00 - 05:59)
152,F,2024-03-29,11:00,Foggia,FG,Parma,PR,2024-03-29,29,Venerd ,Marzo,Mattina (06:00 - 11:59)
153,M,2024-03-31,18:55,Foggia,FG,Carapelle,FG,2024-04-02,31,Domenica,Marzo,Sera (18:00 - 23:59)
154,F,2024-03-30,11:17,Foggia,FG,Sant'Agata Di Puglia,FG,2024-04-02,30,Sabato,Marzo,Mattina (06:00 - 11:59)
155,F,2024-03-29,22:53,Foggia,FG, Ordona,FG,2024-04-03,29,Venerd ,Marzo,Sera (18:00 - 23:59)
156,F,2024-04-05,16:12,Foggia,FG,Canosa Di Puglia,BT,2024-04-08,5,Venerd ,Aprile,Pomeriggio (12:00 - 17:59)
157,F,2024-04-05,21:17,Foggia,FG,Lucera,FG,2024-04-08,5,Venerd ,Aprile,Sera (18:00 - 23:59)
158,F,2024-04-05,14:11,Foggia,FG,Stornara,FG,2024-04-08,5,Venerd ,Aprile,Pomeriggio (12:00 - 17:59)
159,M,2024-04-05,17:17,Foggia,FG,Lucera,FG,2024-04-08,5,Venerd ,Aprile,Pomeriggio (12:00 - 17:59)
160,F,2024-04-06,10:47,Foggia,FG,Lucera,FG,2024-04-09,6,Sabato,Aprile,Mattina (06:00 - 11:59)
161,F,2024-04-06,08:02,Foggia,FG,Lucera,FG,2024-04-09,6,Sabato,Aprile,Mattina (06:00 - 11:59)
162,F,2024-04-07,06:13,Foggia,FG,Orsara Di Puglia,FG,2024-04-09,7,Domenica,Aprile,Mattina (06:00 - 11:59)
163,M,2024-02-20,Orario Non Disponibile,Fuessen,DE,Modena,MO,2024-12-30,20,Marted ,Febbraio,Non Disponibile
164,M,2024-04-08,11:24,Foggia,FG,Rieden Am Forggensee,DE,2024-04-10,8,Luned ,Aprile,Mattina (06:00 - 11:59)
165,M,2024-04-10,06:55,Foggia,FG, Troia,FG,2024-04-10,10,Mercoled ,Aprile,Mattina (06:00 - 11:59)
166,M,2024-04-14,08:07,Foggia,FG,Sotirya,BG,2024-04-12,14,Domenica,Aprile,Mattina (06:00 - 11:59)
167,F,2024-04-14,01:59,Foggia,FG,Orta Nova,FG,2024-04-15,14,Domenica,Aprile,Notte (00:00 - 05:59)
168,F,2024-04-16,18:15,Foggia,FG,Manfredonia,FG,2024-04-15,16,Marted ,Aprile,Sera (18:00 - 23:59)
169,F,2024-04-15,19:25,Foggia,FG,Vico Del Gargano,FG,2024-04-17,15,Luned ,Aprile,Sera (18:00 - 23:59)
170,F,2024-04-16,19:21,Foggia,FG,Volturara Appula,FG,2024-04-17,16,Marted ,Aprile,Sera (18:00 - 23:59)
171,F,2024-04-15,02:04,Foggia,FG,Vieste,FG,2024-04-18,15,Luned ,Aprile,Notte (00:00 - 05:59)
172,M,2024-04-16,22:40,Foggia,FG,Baselice,BN,2024-04-18,16,Marted ,Aprile,Sera (18:00 - 23:59)
173,M,2024-04-17,13:42,Foggia,FG,Cerignola,FG,2024-04-18,17,Mercoled ,Aprile,Pomeriggio (12:00 - 17:59)
174,F,2024-04-17,13:07,Foggia,FG,Orta Nova,FG,2024-04-18,17,Mercoled ,Aprile,Pomeriggio (12:00 - 17:59)
175,M,2024-04-19,11:15,Foggia,FG,Orta Nova,FG,2024-04-18,19,Venerd ,Aprile,Mattina (06:00 - 11:59)
176,M,2024-04-20,15:05,Foggia,FG,Lucera,FG,2024-04-22,20,Sabato,Aprile,Pomeriggio (12:00 - 17:59)
177,F,2024-04-19,16:11,Foggia,FG,Coseano,UD,2024-04-22,19,Venerd ,Aprile,Pomeriggio (12:00 - 17:59)
178,M,2024-04-19,20:52,Foggia,FG,Stornara,FG,2024-04-22,19,Venerd ,Aprile,Sera (18:00 - 23:59)
179,M,2024-04-20,13:51,Foggia,FG,San Severo,FG,2024-04-22,20,Sabato,Aprile,Pomeriggio (12:00 - 17:59)
180,M,2024-04-23,15:00,Foggia,FG,Rho,MI,2024-04-22,23,Marted ,Aprile,Pomeriggio (12:00 - 17:59)
181,M,2024-04-23,14:55,Foggia,FG,Ascoli Satriano,FG,2024-04-24,23,Marted ,Aprile,Pomeriggio (12:00 - 17:59)
182,M,2024-04-23,23:20,Foggia,FG,Apricena,FG,2024-04-26,23,Marted ,Aprile,Sera (18:00 - 23:59)
183,M,2024-04-28,15:21,Foggia,FG,San Nicandro Garganico,FG,2024-04-26,28,Domenica,Aprile,Pomeriggio (12:00 - 17:59)
184,F,2024-04-26,16:16,Foggia,FG,Stornarella,FG,2024-04-29,26,Venerd ,Aprile,Pomeriggio (12:00 - 17:59)
185,F,2024-04-26,10:06,Foggia,FG,Zapponeta,FG,2024-04-29,26,Venerd ,Aprile,Mattina (06:00 - 11:59)
186,M,2024-04-28,11:28,Foggia,FG,Orta Nova,FG,2024-04-29,28,Domenica,Aprile,Mattina (06:00 - 11:59)
187,M,2024-04-29,10:20,Foggia,FG,Lavello,PZ,2024-04-30,29,Luned ,Aprile,Mattina (06:00 - 11:59)
188,M,2024-04-29,12:29,Foggia,FG,Manfredonia,FG,2024-04-30,29,Luned ,Aprile,Pomeriggio (12:00 - 17:59)
189,M,2024-05-02,17:08,Foggia,FG,Stornarella,FG,2024-05-02,2,Gioved ,Maggio,Pomeriggio (12:00 - 17:59)
190,F,2024-05-03,12:05,Foggia,FG,Manfredonia,FG,2024-05-03,3,Venerd ,Maggio,Pomeriggio (12:00 - 17:59)
191,M,2024-05-04,14:36,Foggia,FG,Vico Del Gargano,FG,2024-05-06,4,Sabato,Maggio,Pomeriggio (12:00 - 17:59)
192,F,2024-05-02,19:09,Foggia,FG,Lucera,FG,2024-05-06,2,Gioved ,Maggio,Sera (18:00 - 23:59)
193,F,2024-05-03,16:03,Foggia,FG,Carapelle,FG,2024-05-06,3,Venerd ,Maggio,Pomeriggio (12:00 - 17:59)
194,M,2024-05-05,22:09,Foggia,FG,Manfredonia,FG,2024-05-06,5,Domenica,Maggio,Sera (18:00 - 23:59)
195,F,2024-05-04,19:36,Foggia,FG,Bovino,FG,2024-05-06,4,Sabato,Maggio,Sera (18:00 - 23:59)
196,M,2024-05-06,20:30,Foggia,FG,Manfredonia,FG,2024-05-07,6,Luned ,Maggio,Sera (18:00 - 23:59)
197,F,2024-05-09,05:43,Foggia,FG,Rodi Garganico,FG,2024-05-09,9,Gioved ,Maggio,Notte (00:00 - 05:59)
198,M,2024-05-08,03:40,Foggia,FG,San Paolo Di Civitate,FG,2024-05-10,8,Mercoled ,Maggio,Notte (00:00 - 05:59)
199,M,2024-05-07,23:34,Foggia,FG,Poggio Imperiale,FG,2024-05-10,7,Marted ,Maggio,Sera (18:00 - 23:59)
200,M,2024-05-10,22:26,Foggia,FG,Cerignola,FG,2024-05-10,10,Venerd ,Maggio,Sera (18:00 - 23:59)
201,M,2024-05-12,04:33,Foggia,FG,Cerignola,FG,2024-05-13,12,Domenica,Maggio,Notte (00:00 - 05:59)
202,M,2024-05-10,12:34,Foggia,FG,Orta Nova,FG,2024-05-13,10,Venerd ,Maggio,Pomeriggio (12:00 - 17:59)
203,M,2024-05-14,00:01,Foggia,FG,Lucera,FG,2024-05-14,14,Marted ,Maggio,Notte (00:00 - 05:59)
204,F,2024-02-27,Orario Non Disponibile,Milton Keynes,GB,Celenzavalfortore,FG,2024-12-31,27,Marted ,Febbraio,Non Disponibile
205,F,2024-05-14,01:20,Foggia,FG,Cerignola,FG,2024-05-14,14,Marted ,Maggio,Notte (00:00 - 05:59)
206,F,2024-05-20,02:18,Foggia,FG,Milton Keynes,GB,2024-05-15,20,Luned ,Maggio,Notte (00:00 - 05:59)
207,F,2024-05-19,03:11,Foggia,FG,Orta Nova,FG,2024-05-16,19,Domenica,Maggio,Notte (00:00 - 05:59)
208,M,2024-05-18,18:52,Foggia,FG,San Nicola Baronia,AV,2024-05-20,18,Sabato,Maggio,Sera (18:00 - 23:59)
209,M,2024-05-18,10:59,Foggia,FG, Lucera,FG,2024-05-20,18,Sabato,Maggio,Mattina (06:00 - 11:59)
210,M,2024-05-19,09:55,Foggia,FG,Troia,FG,2024-05-20,19,Domenica,Maggio,Mattina (06:00 - 11:59)
211,M,2024-05-19,17:28,Foggia,FG,Ordona,FG,2024-05-20,19,Domenica,Maggio,Pomeriggio (12:00 - 17:59)
212,M,2024-04-03,08:43,Ginevra,CH,Orta Nova,FG,2024-12-30,3,Mercoled ,Aprile,Mattina (06:00 - 11:59)
213,F,2024-05-20,02:55,Foggia,FG,Orta Nova,FG,2024-05-21,20,Luned ,Maggio,Notte (00:00 - 05:59)
214,F,2024-01-21,03:52,Bellinzona,CH,Troia,FG,2024-01-04,21,Domenica,Gennaio,Notte (00:00 - 05:59)
215,F,2024-05-24,18:00,Foggia,FG,Mondragone,CE,2024-05-21,24,Venerd ,Maggio,Sera (18:00 - 23:59)
216,M,2024-05-23,11:43,Foggia,FG,Ginevra,CH,2024-05-23,23,Gioved ,Maggio,Mattina (06:00 - 11:59)
217,F,2024-05-23,16:26,Foggia,FG,Casalvecchio Di Puglia,FG,2024-05-23,23,Gioved ,Maggio,Pomeriggio (12:00 - 17:59)
218,F,2024-05-27,00:36,Foggia,FG,Bellinzona,CH,2024-05-27,27,Luned ,Maggio,Notte (00:00 - 05:59)
219,M,2024-05-29,12:51,Foggia,FG,Troia,FG,2024-05-27,29,Mercoled ,Maggio,Pomeriggio (12:00 - 17:59)
220,M,2024-05-28,10:57,Foggia,FG,Deliceto,FG,2024-05-27,28,Marted ,Maggio,Mattina (06:00 - 11:59)
221,F,2024-05-27,08:45,Foggia,FG,Cerignola,FG,2024-05-27,27,Luned ,Maggio,Mattina (06:00 - 11:59)
222,M,2024-05-29,13:41,Foggia,FG,Lucera,FG,2024-05-29,29,Mercoled ,Maggio,Pomeriggio (12:00 - 17:59)
223,M,2024-05-29,04:23,Foggia,FG,Cerignola,FG,2024-05-30,29,Mercoled ,Maggio,Notte (00:00 - 05:59)
224,M,2024-05-28,09:16,Foggia,FG,Canosa Di Puglia,BT,2024-05-30,28,Marted ,Maggio,Mattina (06:00 - 11:59)
225,M,2024-05-29,18:38,Foggia,FG,Manfredonia,FG,2024-05-30,29,Mercoled ,Maggio,Sera (18:00 - 23:59)
226,M,2024-05-30,08:17,Foggia,FG,Vasto,CH,2024-05-30,30,Gioved ,Maggio,Mattina (06:00 - 11:59)
227,M,2024-05-29,15:08,Foggia,FG,Lucera,FG,2024-05-30,29,Mercoled ,Maggio,Pomeriggio (12:00 - 17:59)
228,F,2024-05-29,12:21,Foggia,FG,Lucera,FG,2024-05-31,29,Mercoled ,Maggio,Pomeriggio (12:00 - 17:59)
229,M,2024-05-29,22:22,Foggia,FG,Manfredonia,FG,2024-05-31,29,Mercoled ,Maggio,Sera (18:00 - 23:59)
230,F,2024-05-30,15:16,Foggia,FG,Lavello,PZ,2024-05-31,30,Gioved ,Maggio,Pomeriggio (12:00 - 17:59)
231,M,2024-05-31,03:31,Foggia,FG,Manfredonia,FG,2024-05-31,31,Venerd ,Maggio,Notte (00:00 - 05:59)
232,F,2024-05-31,20:56,Foggia,FG,Stornarella,FG,2024-05-31,31,Venerd ,Maggio,Sera (18:00 - 23:59)
233,M,2024-05-31,06:23,Foggia,FG,Manfredonia,FG,2024-05-31,31,Venerd ,Maggio,Mattina (06:00 - 11:59)
234,M,2024-05-31,12:08,Foggia,FG,Termoli,CB,2024-05-31,31,Venerd ,Maggio,Pomeriggio (12:00 - 17:59)
235,F,2024-05-30,20:53,Foggia,FG,Lucera,FG,2024-06-03,30,Gioved ,Maggio,Sera (18:00 - 23:59)
236,F,2024-05-31,10:07,Foggia,FG,Torremaggiore,FG,2024-06-03,31,Venerd ,Maggio,Mattina (06:00 - 11:59)
237,F,2024-06-03,19:37,Foggia,FG,Bovino,FG,2024-06-03,3,Luned ,Giugno,Sera (18:00 - 23:59)
238,M,2024-06-01,11:58,Foggia,FG,Cerignola,FG,2024-06-03,1,Sabato,Giugno,Mattina (06:00 - 11:59)
239,F,2024-06-02,22:03,Foggia,FG,Orsara Di Puglia,FG,2024-06-04,2,Domenica,Giugno,Sera (18:00 - 23:59)
240,F,2024-06-06,02:04,Foggia,FG,Non Disponibile,Non Disponibile,2024-06-04,6,Gioved ,Giugno,Notte (00:00 - 05:59)
241,F,2024-06-04,12:06,Foggia,FG,San Severo,FG,2024-06-04,4,Marted ,Giugno,Pomeriggio (12:00 - 17:59)
242,F,2024-06-04,07:45,Foggia,FG,Orta Nova,FG,2024-06-04,4,Marted ,Giugno,Mattina (06:00 - 11:59)
243,M,2024-05-31,12:56,Foggia,FG,Lucera,FG,2024-06-05,31,Venerd ,Maggio,Pomeriggio (12:00 - 17:59)
244,F,2024-06-04,13:54,Foggia,FG,Non Disponibile,Non Disponibile,2024-06-06,4,Marted ,Giugno,Pomeriggio (12:00 - 17:59)
245,M,2024-06-06,15:02,Foggia,FG,Peschici,FG,2024-06-06,6,Gioved ,Giugno,Pomeriggio (12:00 - 17:59)
246,M,2024-06-05,13:28,Foggia,FG,Orta Nova,FG,2024-06-06,5,Mercoled ,Giugno,Pomeriggio (12:00 - 17:59)
247,F,2024-06-06,18:27,Foggia,FG,Andria,BT,2024-06-06,6,Gioved ,Giugno,Sera (18:00 - 23:59)
248,M,2024-05-15,Orario Non Disponibile,Wuppertal,DE,Non Disponibile,Non Disponibile,2025-02-25,15,Mercoled ,Maggio,Non Disponibile
249,F,2024-06-07,16:27,Foggia,FG,Cerignola,FG,2024-06-07,7,Venerd ,Giugno,Pomeriggio (12:00 - 17:59)
250,F,2024-06-07,12:40,Foggia,FG,Pescara,PE,2024-06-07,7,Venerd ,Giugno,Pomeriggio (12:00 - 17:59)
251,F,2024-06-11,17:45,Foggia,FG,San Severo,FG,2024-06-07,11,Marted ,Giugno,Pomeriggio (12:00 - 17:59)
252,F,2024-06-10,11:13,Foggia,FG,Torremaggiore,FG,2024-06-10,10,Luned ,Giugno,Mattina (06:00 - 11:59)
253,F,2024-06-10,04:09,Foggia,FG,Wuppertal,DE,2024-06-10,10,Luned ,Giugno,Notte (00:00 - 05:59)
254,F,2024-06-12,10:19,Foggia,FG,Torremaggiore,FG,2024-06-10,12,Mercoled ,Giugno,Mattina (06:00 - 11:59)
255,F,2024-06-13,15:44,Foggia,FG,Carapelle,FG,2024-06-11,13,Gioved ,Giugno,Pomeriggio (12:00 - 17:59)
256,F,2024-06-15,14:45,Foggia,FG,Mattinata,FG,2024-06-12,15,Sabato,Giugno,Pomeriggio (12:00 - 17:59)
257,M,2024-06-15,23:00,Foggia,FG,Orsara Di Puglia,FG,2024-06-12,15,Sabato,Giugno,Sera (18:00 - 23:59)
258,M,2024-06-11,17:06,Foggia,FG,Ordona,FG,2024-06-13,11,Marted ,Giugno,Pomeriggio (12:00 - 17:59)
259,F,2024-06-16,02:19,Foggia,FG,Cerignola,FG,2024-06-14,16,Domenica,Giugno,Notte (00:00 - 05:59)
260,F,2024-06-14,11:15,Foggia,FG,Vieste,FG,2024-06-14,14,Venerd ,Giugno,Mattina (06:00 - 11:59)
261,M,2024-06-15,15:20,Foggia,FG,Manfredonia,FG,2024-06-17,15,Sabato,Giugno,Pomeriggio (12:00 - 17:59)
262,M,2024-06-17,11:34,Foggia,FG,Candela,FG,2024-06-17,17,Luned ,Giugno,Mattina (06:00 - 11:59)
263,M,2024-06-17,12:08,Foggia,FG,Ascoli Satriano,FG,2024-06-17,17,Luned ,Giugno,Pomeriggio (12:00 - 17:59)
264,M,2024-06-17,08:30,Foggia,FG,Vasto,CH,2024-06-17,17,Luned ,Giugno,Mattina (06:00 - 11:59)
265,F,2024-06-16,11:39,Foggia,FG,Vieste,FG,2024-06-17,16,Domenica,Giugno,Mattina (06:00 - 11:59)
266,M,2024-06-18,21:10,Foggia,FG,Anzano Di Puglia,FG,2024-06-18,18,Marted ,Giugno,Sera (18:00 - 23:59)
267,M,2024-06-18,10:37,Foggia,FG,Lucera,FG,2024-06-18,18,Marted ,Giugno,Mattina (06:00 - 11:59)
268,F,2024-06-18,09:33,Foggia,FG,Sannicandro Garganico,FG,2024-06-18,18,Marted ,Giugno,Mattina (06:00 - 11:59)
269,F,2024-06-18,09:24,Foggia,FG, Vieste,FG,2024-06-18,18,Marted ,Giugno,Mattina (06:00 - 11:59)
270,M,2024-06-19,23:33,Foggia,FG,Lucera,FG,2024-06-19,19,Mercoled ,Giugno,Sera (18:00 - 23:59)
271,F,2024-06-22,12:34,Foggia,FG,Cerignola,FG,2024-06-19,22,Sabato,Giugno,Pomeriggio (12:00 - 17:59)
272,M,2024-06-21,03:10,Foggia,FG,Biccari,FG,2024-06-19,21,Venerd ,Giugno,Notte (00:00 - 05:59)
273,F,2024-06-21,14:50,Foggia,FG,Barletta,BT,2024-06-19,21,Venerd ,Giugno,Pomeriggio (12:00 - 17:59)
274,M,2024-06-22,13:00,Foggia,FG,San Ferdinando Di Puglia,BT,2024-06-20,22,Sabato,Giugno,Pomeriggio (12:00 - 17:59)
275,F,2024-06-24,19:31,Foggia,FG, Cerignola,FG,2024-06-21,24,Luned ,Giugno,Sera (18:00 - 23:59)
276,F,2024-06-22,01:15,Foggia,FG,Lucera,FG,2024-06-24,22,Sabato,Giugno,Notte (00:00 - 05:59)
277,M,2024-06-22,08:50,Foggia,FG,Orta Nova,FG,2024-06-24,22,Sabato,Giugno,Mattina (06:00 - 11:59)
278,M,2024-06-25,01:01,Foggia,FG,Vieste,FG,2024-06-24,25,Marted ,Giugno,Notte (00:00 - 05:59)
279,F,2024-06-25,15:35,Foggia,FG,Motta Montecorvino,FG,2024-06-25,25,Marted ,Giugno,Pomeriggio (12:00 - 17:59)
280,F,2024-06-30,19:03,Foggia,FG, Scorrano,LE,2024-06-25,30,Domenica,Giugno,Sera (18:00 - 23:59)
281,M,2024-06-27,22:55,Foggia,FG,Deliceto,FG,2024-06-25,27,Gioved ,Giugno,Sera (18:00 - 23:59)
282,M,2024-06-28,13:57,Foggia,FG,Manfredonia,FG,2024-06-25,28,Venerd ,Giugno,Pomeriggio (12:00 - 17:59)
283,F,2024-06-30,00:47,Foggia,FG,Bari,BA,2024-06-26,30,Domenica,Giugno,Notte (00:00 - 05:59)
284,M,2024-07-02,13:40,Foggia,FG,Vieste,FG,2024-06-28,2,Marted ,Luglio,Pomeriggio (12:00 - 17:59)
285,M,2024-07-02,11:41,Foggia,FG,Serracapriola,FG,2024-07-01,2,Marted ,Luglio,Mattina (06:00 - 11:59)
286,M,2024-07-03,15:29,Foggia,FG,San Severo,FG,2024-07-01,3,Mercoled ,Luglio,Pomeriggio (12:00 - 17:59)
287,M,2024-07-03,11:35,Foggia,FG,Ischitella,FG,2024-07-01,3,Mercoled ,Luglio,Mattina (06:00 - 11:59)
288,M,2024-07-02,22:59,Foggia,FG,Orta Nova,FG,2024-07-03,2,Marted ,Luglio,Sera (18:00 - 23:59)
289,F,2024-07-03,17:58,Foggia,FG,Lucera,FG,2024-07-04,3,Mercoled ,Luglio,Pomeriggio (12:00 - 17:59)
290,F,2024-07-04,12:58,Foggia,FG,Melfi,PZ,2024-07-04,4,Gioved ,Luglio,Pomeriggio (12:00 - 17:59)
291,M,2024-07-06,14:14,Foggia,FG,Rottofreno,PC,2024-07-04,6,Sabato,Luglio,Pomeriggio (12:00 - 17:59)
292,M,2024-07-05,17:34,Foggia,FG,Cerignola,FG,2024-07-05,5,Venerd ,Luglio,Pomeriggio (12:00 - 17:59)
293,F,2024-07-05,10:44,Foggia,FG,Cerignola,FG,2024-07-05,5,Venerd ,Luglio,Mattina (06:00 - 11:59)
294,M,2024-07-05,16:33,Foggia,FG,Manfredonia,FG,2024-07-05,5,Venerd ,Luglio,Pomeriggio (12:00 - 17:59)
295,F,2024-07-03,13:50,Foggia,FG,Orta Nova,FG,2024-07-05,3,Mercoled ,Luglio,Pomeriggio (12:00 - 17:59)
296,M,2024-07-06,09:45,Foggia,FG,Lucera,FG,2024-07-08,6,Sabato,Luglio,Mattina (06:00 - 11:59)
297,F,2024-07-06,09:40,Foggia,FG,Serracapriola,FG,2024-07-08,6,Sabato,Luglio,Mattina (06:00 - 11:59)
298,M,2024-07-09,19:34,Foggia,FG,Lesina,FG,2024-07-08,9,Marted ,Luglio,Sera (18:00 - 23:59)
299,F,2024-07-09,09:44,Foggia,FG,San Severo,FG,2024-07-08,9,Marted ,Luglio,Mattina (06:00 - 11:59)
300,M,2024-07-12,02:26,Foggia,FG,Ordona,FG,2024-07-08,12,Venerd ,Luglio,Notte (00:00 - 05:59)
301,F,2024-07-11,15:35,Foggia,FG,Accadia,FG,2024-07-09,11,Gioved ,Luglio,Pomeriggio (12:00 - 17:59)
302,M,2024-07-15,02:00,Foggia,FG,Accadia,FG,2024-07-09,15,Luned ,Luglio,Notte (00:00 - 05:59)
303,M,2024-07-12,13:27,Foggia,FG,Bologna,BO,2024-07-12,12,Venerd ,Luglio,Pomeriggio (12:00 - 17:59)
304,M,2024-07-13,12:57,Foggia,FG,Lucera,FG,2024-07-12,13,Sabato,Luglio,Pomeriggio (12:00 - 17:59)
305,F,2024-06-24,13:03,Foggia,FG,Ordona,FG,2024-07-15,24,Luned ,Giugno,Pomeriggio (12:00 - 17:59)
306,M,2024-07-14,16:02,Foggia,FG,Castelluccio Valmaggiore,FG,2024-07-15,14,Domenica,Luglio,Pomeriggio (12:00 - 17:59)
307,F,2024-07-16,03:17,Foggia,FG,San Lazzaro Di Savena,BO,2024-07-15,16,Marted ,Luglio,Notte (00:00 - 05:59)
308,F,2024-07-15,19:33,Foggia,FG,Manfredonia,FG,2024-07-15,15,Luned ,Luglio,Sera (18:00 - 23:59)
309,M,2024-07-15,02:45,Foggia,FG,Orta Nova,FG,2024-07-16,15,Luned ,Luglio,Notte (00:00 - 05:59)
310,M,2024-07-16,09:33,Foggia,FG,Carapelle,FG,2024-07-17,16,Marted ,Luglio,Mattina (06:00 - 11:59)
311,M,2024-07-15,11:24,Foggia,FG,Cerignola,FG,2024-07-17,15,Luned ,Luglio,Mattina (06:00 - 11:59)
312,M,2024-07-16,09:32,Foggia,FG,Cerignola,FG,2024-07-17,16,Marted ,Luglio,Mattina (06:00 - 11:59)
313,F,2024-07-18,13:36,Foggia,FG,Melfi,PZ,2024-07-17,18,Gioved ,Luglio,Pomeriggio (12:00 - 17:59)
314,M,2024-07-17,10:15,Foggia,FG,Londra,GB,2024-07-17,17,Mercoled ,Luglio,Mattina (06:00 - 11:59)
315,M,2024-07-18,11:10,Foggia,FG,Cerignola,FG,2024-07-18,18,Gioved ,Luglio,Mattina (06:00 - 11:59)
316,M,2024-07-21,16:14,Foggia,FG,Mottamontecorvino,FG,2024-07-18,21,Domenica,Luglio,Pomeriggio (12:00 - 17:59)
317,M,2024-07-19,13:20,Foggia,FG, Cerignola,FG,2024-07-18,19,Venerd ,Luglio,Pomeriggio (12:00 - 17:59)
318,F,2024-07-20,10:02,Foggia,FG,Malagnino,CR,2024-07-19,20,Sabato,Luglio,Mattina (06:00 - 11:59)
319,M,2024-07-21,11:26,Foggia,FG,Poggio Imperiale,FG,2024-07-19,21,Domenica,Luglio,Mattina (06:00 - 11:59)
320,M,2024-07-22,23:42,Foggia,FG,Lucera,FG,2024-07-19,22,Luned ,Luglio,Sera (18:00 - 23:59)
321,M,2024-07-24,22:08,Foggia,FG,Manfredonia,FG,2024-07-22,24,Mercoled ,Luglio,Sera (18:00 - 23:59)
322,M,2024-07-24,12:37,Foggia,FG,Durazzo,AL,2024-07-22,24,Mercoled ,Luglio,Pomeriggio (12:00 - 17:59)
323,M,2024-07-24,08:11,Foggia,FG,Ascoli Satriano,FG,2024-07-22,24,Mercoled ,Luglio,Mattina (06:00 - 11:59)
324,M,2024-07-24,12:38,Foggia,FG,Orta Nova,FG,2024-07-23,24,Mercoled ,Luglio,Pomeriggio (12:00 - 17:59)
325,F,2024-07-25,22:24,Foggia,FG,Lucera,FG,2024-07-23,25,Gioved ,Luglio,Sera (18:00 - 23:59)
326,M,2024-07-27,00:18,Foggia,FG,Lucera,FG,2024-07-25,27,Sabato,Luglio,Notte (00:00 - 05:59)
327,F,2024-07-29,12:50,Foggia,FG,Bertinoro,FC,2024-07-26,29,Luned ,Luglio,Pomeriggio (12:00 - 17:59)
328,F,2024-07-28,18:40,Foggia,FG,Zapponeta,FG,2024-07-26,28,Domenica,Luglio,Sera (18:00 - 23:59)
329,F,2024-07-28,15:07,Foggia,FG,Bertinoro(,FC,2024-07-26,28,Domenica,Luglio,Pomeriggio (12:00 - 17:59)
330,M,2024-07-30,13:40,Foggia,FG,Carapelle,FG,2024-07-29,30,Marted ,Luglio,Pomeriggio (12:00 - 17:59)
331,M,2024-07-30,16:55,Foggia,FG,Lucera,FG,2024-07-29,30,Marted ,Luglio,Pomeriggio (12:00 - 17:59)
332,F,2024-07-30,09:09,Foggia,FG,Formello,RM,2024-07-30,30,Marted ,Luglio,Mattina (06:00 - 11:59)
333,M,2024-08-01,13:14,Foggia,FG,San Marco In Lamis,FG,2024-07-30,1,Gioved ,Agosto,Pomeriggio (12:00 - 17:59)
334,M,2024-07-30,19:35,Foggia,FG, Apricena,FG,2024-07-30,30,Marted ,Luglio,Sera (18:00 - 23:59)
335,F,2024-08-01,14:35,Foggia,FG,Orta Nova,FG,2024-08-01,1,Gioved ,Agosto,Pomeriggio (12:00 - 17:59)
336,F,2024-07-31,20:35,Foggia,FG,Stornara,FG,2024-08-01,31,Mercoled ,Luglio,Sera (18:00 - 23:59)
337,M,2024-08-04,00:42,Foggia,FG,Orta Nova,FG,2024-08-01,4,Domenica,Agosto,Notte (00:00 - 05:59)
338,M,2024-08-02,11:41,Foggia,FG,Stornara,FG,2024-08-02,2,Venerd ,Agosto,Mattina (06:00 - 11:59)
339,M,2024-08-04,02:56,Foggia,FG,Lesina,FG,2024-08-02,4,Domenica,Agosto,Notte (00:00 - 05:59)
340,M,2024-08-02,11:42,Foggia,FG,Lucera,FG,2024-08-02,2,Venerd ,Agosto,Mattina (06:00 - 11:59)
341,M,2024-08-02,19:58,Foggia,FG,Orsara Di Puglia,FG,2024-08-02,2,Venerd ,Agosto,Sera (18:00 - 23:59)
342,M,2024-08-04,09:17,Foggia,FG,Lucera,FG,2024-08-05,4,Domenica,Agosto,Mattina (06:00 - 11:59)
343,M,2024-08-03,14:21,Foggia,FG,Orta Nova,FG,2024-08-05,3,Sabato,Agosto,Pomeriggio (12:00 - 17:59)
344,F,2024-08-04,12:33,Foggia,FG,Lucera,FG,2024-08-05,4,Domenica,Agosto,Pomeriggio (12:00 - 17:59)
345,F,2024-08-05,04:02,Foggia,FG,Orta Nova,FG,2024-08-05,5,Luned ,Agosto,Notte (00:00 - 05:59)
346,F,2024-08-06,01:22,Foggia,FG,Apricena,FG,2024-08-05,6,Marted ,Agosto,Notte (00:00 - 05:59)
347,F,2024-08-07,14:28,Foggia,FG,Barletta,BT,2024-08-06,7,Mercoled ,Agosto,Pomeriggio (12:00 - 17:59)
348,F,2024-08-07,05:54,Foggia,FG,Lucera,FG,2024-08-06,7,Mercoled ,Agosto,Notte (00:00 - 05:59)
349,M,2024-08-08,09:32,Foggia,FG,Celenza Valfortore,FG,2024-08-06,8,Gioved ,Agosto,Mattina (06:00 - 11:59)
350,M,2024-08-08,11:44,Foggia,FG, Cerignola,FG,2024-08-06,8,Gioved ,Agosto,Mattina (06:00 - 11:59)
351,M,2024-08-07,15:40,Foggia,FG,Cerignola,FG,2024-08-07,7,Mercoled ,Agosto,Pomeriggio (12:00 - 17:59)
352,F,2024-08-08,19:18,Foggia,FG,Stornara,FG,2024-08-08,8,Gioved ,Agosto,Sera (18:00 - 23:59)
353,M,2024-08-08,11:43,Foggia,FG,Stornara,FG,2024-08-08,8,Gioved ,Agosto,Mattina (06:00 - 11:59)
354,F,2024-08-09,14:35,Foggia,FG,Orsara Di Puglia,FG,2024-08-09,9,Venerd ,Agosto,Pomeriggio (12:00 - 17:59)
355,F,2024-08-10,20:01,Foggia,FG,Barletta,BT,2024-08-09,10,Sabato,Agosto,Sera (18:00 - 23:59)
356,M,2024-08-09,12:30,Foggia,FG,Candela,FG,2024-08-09,9,Venerd ,Agosto,Pomeriggio (12:00 - 17:59)
357,F,2024-08-11,03:41,Foggia,FG,Cerignola,FG,2024-08-09,11,Domenica,Agosto,Notte (00:00 - 05:59)
358,M,2024-08-09,01:53,Foggia,FG,Barletta,BT,2024-08-09,9,Venerd ,Agosto,Notte (00:00 - 05:59)
359,M,2024-08-10,10:32,Foggia,FG,Carapelle,FG,2024-08-12,10,Sabato,Agosto,Mattina (06:00 - 11:59)
360,M,2024-08-09,12:10,Foggia,FG,Cerignola,FG,2024-08-12,9,Venerd ,Agosto,Pomeriggio (12:00 - 17:59)
361,F,2024-08-11,10:27,Foggia,FG,Lucera,FG,2024-08-12,11,Domenica,Agosto,Mattina (06:00 - 11:59)
362,F,2024-08-12,11:18,Foggia,FG,Carapelle,FG,2024-08-12,12,Luned ,Agosto,Mattina (06:00 - 11:59)
363,F,2024-08-10,02:42,Foggia,FG,Alberona,FG,2024-08-12,10,Sabato,Agosto,Notte (00:00 - 05:59)
364,M,2024-08-12,16:36,Foggia,FG,San Paolo Di Civitate,FG,2024-08-12,12,Luned ,Agosto,Pomeriggio (12:00 - 17:59)
365,M,2024-03-17,00:25,Aarau,CH,Orta Nova,FG,2024-01-03,17,Domenica,Marzo,Notte (00:00 - 05:59)
366,M,2024-08-12,02:51,Foggia,FG,San Severo,FG,2024-08-12,12,Luned ,Agosto,Notte (00:00 - 05:59)
367,F,2024-08-16,04:57,Foggia,FG,Cerignola,FG,2024-08-12,16,Venerd ,Agosto,Notte (00:00 - 05:59)
368,F,2024-08-18,14:46,Foggia,FG,San Severo,FG,2024-08-13,18,Domenica,Agosto,Pomeriggio (12:00 - 17:59)
369,M,2024-08-17,05:42,Foggia,FG,Ascoli Satriano,FG,2024-08-13,17,Sabato,Agosto,Notte (00:00 - 05:59)
370,F,2024-08-16,12:11,Foggia,FG,Manfredonia,FG,2024-08-13,16,Venerd ,Agosto,Pomeriggio (12:00 - 17:59)
371,M,2024-08-15,12:11,Foggia,FG,Spreitenbach,CH,2024-08-13,15,Gioved ,Agosto,Pomeriggio (12:00 - 17:59)
372,M,2024-08-19,12:35,Foggia,FG,Troia,FG,2024-08-14,19,Luned ,Agosto,Pomeriggio (12:00 - 17:59)
373,M,2024-08-19,09:49,Foggia,FG,San Nicandro Garganico,FG,2024-08-19,19,Luned ,Agosto,Mattina (06:00 - 11:59)
374,M,2024-08-19,16:32,Foggia,FG, Ascoli Satriano,FG,2024-08-19,19,Luned ,Agosto,Pomeriggio (12:00 - 17:59)
375,M,2024-08-20,14:34,Foggia,FG,Ascoli Satriano,FG,2024-08-19,20,Marted ,Agosto,Pomeriggio (12:00 - 17:59)
376,M,2024-08-22,00:28,Foggia,FG,Orta Nova,FG,2024-08-19,22,Gioved ,Agosto,Notte (00:00 - 05:59)
377,F,2024-08-23,06:59,Foggia,FG,San Severo,FG,2024-08-19,23,Venerd ,Agosto,Mattina (06:00 - 11:59)
378,F,2024-08-21,15:46,Foggia,FG,Civitavecchia,RM,2024-08-20,21,Mercoled ,Agosto,Pomeriggio (12:00 - 17:59)
379,M,2024-08-22,16:15,Foggia,FG,San Severo,FG,2024-08-20,22,Gioved ,Agosto,Pomeriggio (12:00 - 17:59)
380,M,2024-08-24,13:04,Foggia,FG,Troia,FG,2024-08-21,24,Sabato,Agosto,Pomeriggio (12:00 - 17:59)
381,F,2024-08-26,17:56,Foggia,FG,Non Disponibile,Non Disponibile,2024-08-22,26,Luned ,Agosto,Pomeriggio (12:00 - 17:59)
382,M,2024-08-26,11:20,Foggia,FG,Stornara,FG,2024-08-22,26,Luned ,Agosto,Mattina (06:00 - 11:59)
383,M,2024-08-24,19:41,Foggia,FG,Bovino,FG,2024-08-23,24,Sabato,Agosto,Sera (18:00 - 23:59)
384,M,2024-08-27,13:29,Foggia,FG,Orta Nova,FG,2024-08-23,27,Marted ,Agosto,Pomeriggio (12:00 - 17:59)
385,M,2024-08-29,00:14,Foggia,FG,Cremona,CR,2024-08-23,29,Gioved ,Agosto,Notte (00:00 - 05:59)
386,F,2024-08-27,22:35,Foggia,FG,Manfredonia,FG,2024-08-26,27,Marted ,Agosto,Sera (18:00 - 23:59)
387,F,2024-08-27,23:51,Foggia,FG,Torremaggiore,FG,2024-08-27,27,Marted ,Agosto,Sera (18:00 - 23:59)
388,F,2024-08-28,22:47,Foggia,FG,Vieste,FG,2024-08-27,28,Mercoled ,Agosto,Sera (18:00 - 23:59)
389,F,2024-08-28,12:34,Foggia,FG,Cerignola,FG,2024-08-28,28,Mercoled ,Agosto,Pomeriggio (12:00 - 17:59)
390,M,2024-09-01,01:33,Foggia,FG,Vasto,CH,2024-08-28,1,Domenica,Settembre,Notte (00:00 - 05:59)
391,F,2024-08-27,19:07,Foggia,FG,Orta Nova,FG,2024-08-29,27,Marted ,Agosto,Sera (18:00 - 23:59)
392,F,2024-08-30,01:50,Foggia,FG,Bedford,GB,2024-08-29,30,Venerd ,Agosto,Notte (00:00 - 05:59)
393,M,2024-08-31,05:59,Foggia,FG,Pietramontecorvino,FG,2024-08-29,31,Sabato,Agosto,Notte (00:00 - 05:59)
394,M,2024-09-01,22:55,Foggia,FG, Manfredonia,FG,2024-08-29,1,Domenica,Settembre,Sera (18:00 - 23:59)
395,F,2024-09-02,15:07,Foggia,FG,Orta Nova,FG,2024-08-29,2,Luned ,Settembre,Pomeriggio (12:00 - 17:59)
396,M,2024-09-02,08:33,Foggia,FG,Manfredonia,FG,2024-09-02,2,Luned ,Settembre,Mattina (06:00 - 11:59)
397,F,2024-09-01,09:15,Foggia,FG,Manfredonia,FG,2024-09-02,1,Domenica,Settembre,Mattina (06:00 - 11:59)
398,F,2024-09-02,09:58,Foggia,FG,Cerignola,FG,2024-09-02,2,Luned ,Settembre,Mattina (06:00 - 11:59)
399,M,2024-08-27,09:50,Foggia,FG,Lucera,FG,2024-09-02,27,Marted ,Agosto,Mattina (06:00 - 11:59)
400,F,2024-09-02,18:06,Foggia,FG,Carapelle,FG,2024-09-02,2,Luned ,Settembre,Sera (18:00 - 23:59)
401,M,2024-09-04,11:50,Foggia,FG,Cerignola,FG,2024-09-03,4,Mercoled ,Settembre,Mattina (06:00 - 11:59)
402,M,2024-09-02,11:24,Foggia,FG,Accadia,FG,2024-09-03,2,Luned ,Settembre,Mattina (06:00 - 11:59)
403,M,2024-09-03,18:18,Foggia,FG,Deliceto,FG,2024-09-03,3,Marted ,Settembre,Sera (18:00 - 23:59)
404,M,2024-09-03,12:59,Foggia,FG,Ascoli Satriano,FG,2024-09-03,3,Marted ,Settembre,Pomeriggio (12:00 - 17:59)
405,F,2024-09-06,18:52,Foggia,FG,Non Disponibile,Non Disponibile,2024-09-04,6,Venerd ,Settembre,Sera (18:00 - 23:59)
406,M,2024-09-06,23:28,Foggia,FG,Manfredonia,FG,2024-09-04,6,Venerd ,Settembre,Sera (18:00 - 23:59)
407,M,2024-09-08,00:57,Foggia,FG,Cerignola,FG,2024-09-05,8,Domenica,Settembre,Notte (00:00 - 05:59)
408,M,2024-09-08,19:40,Foggia,FG,Lucera,FG,2024-09-05,8,Domenica,Settembre,Sera (18:00 - 23:59)
409,M,2024-09-07,10:32,Foggia,FG,Manfredonia,FG,2024-09-05,7,Sabato,Settembre,Mattina (06:00 - 11:59)
410,M,2024-09-07,11:09,Foggia,FG,Cagnano Varano,FG,2024-09-06,7,Sabato,Settembre,Mattina (06:00 - 11:59)
411,F,2024-09-07,12:08,Foggia,FG,Orta Nova,FG,2024-09-09,7,Sabato,Settembre,Pomeriggio (12:00 - 17:59)
412,F,2024-09-09,04:59,Foggia,FG,Ordona,FG,2024-09-09,9,Luned ,Settembre,Notte (00:00 - 05:59)
413,M,2024-09-08,17:42,Foggia,FG,San Severo,FG,2024-09-09,8,Domenica,Settembre,Pomeriggio (12:00 - 17:59)
414,F,2024-09-10,18:51,Foggia,FG,San Severo,FG,2024-09-10,10,Marted ,Settembre,Sera (18:00 - 23:59)
415,M,2024-09-10,11:53,Foggia,FG,Orsara Di Puglia,FG,2024-09-10,10,Marted ,Settembre,Mattina (06:00 - 11:59)
416,M,2024-09-10,17:14,Foggia,FG,Ischitella,FG,2024-09-10,10,Marted ,Settembre,Pomeriggio (12:00 - 17:59)
417,F,2024-09-09,10:20,Foggia,FG,Carapelle,FG,2024-09-10,9,Luned ,Settembre,Mattina (06:00 - 11:59)
418,F,2024-09-11,16:04,Foggia,FG,Carapelle,FG,2024-09-10,11,Mercoled ,Settembre,Pomeriggio (12:00 - 17:59)
419,F,2024-09-11,21:24,Foggia,FG,Montenero Di Bisaccia,CB,2024-09-10,11,Mercoled ,Settembre,Sera (18:00 - 23:59)
420,F,2024-09-12,19:08,Foggia,FG, Lucera,FG,2024-09-11,12,Gioved ,Settembre,Sera (18:00 - 23:59)
421,F,2024-09-15,07:16,Foggia,FG,Troia,FG,2024-09-11,15,Domenica,Settembre,Mattina (06:00 - 11:59)
422,M,2024-09-15,18:15,Foggia,FG,Durazzo,AL,2024-09-11,15,Domenica,Settembre,Sera (18:00 - 23:59)
423,M,2024-09-15,21:31,Foggia,FG,San Severo,FG,2024-09-11,15,Domenica,Settembre,Sera (18:00 - 23:59)
424,M,2024-09-13,22:36,Foggia,FG,Ascoli Satriano,FG,2024-09-12,13,Venerd ,Settembre,Sera (18:00 - 23:59)
425,F,2024-09-14,11:22,Foggia,FG,Modena,MO,2024-09-13,14,Sabato,Settembre,Mattina (06:00 - 11:59)
426,M,2024-09-12,22:39,Foggia,FG,Manfredonia,FG,2024-09-13,12,Gioved ,Settembre,Sera (18:00 - 23:59)
427,F,2024-09-15,07:14,Foggia,FG,Lissone,MB,2024-09-16,15,Domenica,Settembre,Mattina (06:00 - 11:59)
428,M,2024-09-17,14:05,Foggia,FG,Cerignola,FG,2024-09-16,17,Marted ,Settembre,Pomeriggio (12:00 - 17:59)
429,F,2024-09-17,15:00,Foggia,FG,Rozzano,MI,2024-09-16,17,Marted ,Settembre,Pomeriggio (12:00 - 17:59)
430,F,2024-09-17,22:46,Foggia,FG,Manfredonia,FG,2024-09-16,17,Marted ,Settembre,Sera (18:00 - 23:59)
431,M,2024-09-18,11:39,Foggia,FG,San Severo,FG,2024-09-16,18,Mercoled ,Settembre,Mattina (06:00 - 11:59)
432,F,2024-08-06,Orario Non Disponibile,Moenchengladbach,GB,Melfi,PZ,2024-12-31,6,Marted ,Agosto,Non Disponibile
433,F,2024-09-20,13:46,Foggia,FG,Manfredonia,FG,2024-09-16,20,Venerd ,Settembre,Pomeriggio (12:00 - 17:59)
434,F,2024-09-20,09:24,Foggia,FG,Lissone,MB,2024-09-16,20,Venerd ,Settembre,Mattina (06:00 - 11:59)
435,M,2024-09-20,16:40,Foggia,FG,Torremaggiore,FG,2024-09-18,20,Venerd ,Settembre,Pomeriggio (12:00 - 17:59)
436,F,2024-09-22,08:28,Foggia,FG,Orta Nova,FG,2024-09-18,22,Domenica,Settembre,Mattina (06:00 - 11:59)
437,F,2024-09-20,14:55,Foggia,FG,Apricena,FG,2024-09-19,20,Venerd ,Settembre,Pomeriggio (12:00 - 17:59)
438,M,2024-09-23,08:21,Foggia,FG,San Severo,FG,2024-09-20,23,Luned ,Settembre,Mattina (06:00 - 11:59)
439,M,2024-09-22,14:39,Foggia,FG,Willich,DE,2024-09-20,22,Domenica,Settembre,Pomeriggio (12:00 - 17:59)
440,M,2024-09-24,11:17,Foggia,FG,Volturara Appula,FG,2024-09-23,24,Marted ,Settembre,Mattina (06:00 - 11:59)
441,F,2024-09-26,22:38,Foggia,FG,Deliceto,FG,2024-09-23,26,Gioved ,Settembre,Sera (18:00 - 23:59)
442,M,2024-09-26,13:26,Foggia,FG,Vieste,FG,2024-09-23,26,Gioved ,Settembre,Pomeriggio (12:00 - 17:59)
443,M,2024-09-26,09:09,Foggia,FG,Lucera,FG,2024-09-23,26,Gioved ,Settembre,Mattina (06:00 - 11:59)
444,F,2024-09-28,16:39,Foggia,FG,Manfredonia,FG,2024-09-23,28,Sabato,Settembre,Pomeriggio (12:00 - 17:59)
445,F,2024-09-28,18:32,Foggia,FG,Manfredonia,FG,2024-09-24,28,Sabato,Settembre,Sera (18:00 - 23:59)
446,M,2024-09-27,14:25,Foggia,FG,Vieste,FG,2024-09-25,27,Venerd ,Settembre,Pomeriggio (12:00 - 17:59)
447,M,2024-09-28,11:06,Foggia,FG,Lucera,FG,2024-09-25,28,Sabato,Settembre,Mattina (06:00 - 11:59)
448,F,2024-09-28,23:05,Foggia,FG,Lucera,FG,2024-09-27,28,Sabato,Settembre,Sera (18:00 - 23:59)
449,M,2024-09-27,20:01,Foggia,FG,Ordona,FG,2024-09-27,27,Venerd ,Settembre,Sera (18:00 - 23:59)
450,F,2024-09-27,00:31,Foggia,FG,Cerignola,FG,2024-09-27,27,Venerd ,Settembre,Notte (00:00 - 05:59)
451,M,2024-09-30,06:53,Foggia,FG,Stornarella,FG,2024-09-30,30,Luned ,Settembre,Mattina (06:00 - 11:59)
452,M,2024-09-30,09:49,Foggia,FG,Torremaggiore,FG,2024-09-30,30,Luned ,Settembre,Mattina (06:00 - 11:59)
453,F,2024-09-30,09:52,Foggia,FG,Troia,FG,2024-09-30,30,Luned ,Settembre,Mattina (06:00 - 11:59)
454,M,2024-09-30,11:26,Foggia,FG,Ciampino,RM,2024-09-30,30,Luned ,Settembre,Mattina (06:00 - 11:59)
455,M,2024-10-02,23:31,Foggia,FG,Manfredonia,FG,2024-09-30,2,Mercoled ,Ottobre,Sera (18:00 - 23:59)
456,M,2024-10-02,23:04,Foggia,FG,Tocco Caudio,BN,2024-09-30,2,Mercoled ,Ottobre,Sera (18:00 - 23:59)
457,M,2024-10-01,15:06,Foggia,FG,Deliceto,FG,2024-09-30,1,Marted ,Ottobre,Pomeriggio (12:00 - 17:59)
458,F,2024-10-01,13:10,Foggia,FG,Lucera,FG,2024-10-01,1,Marted ,Ottobre,Pomeriggio (12:00 - 17:59)
459,M,2024-10-03,13:27,Foggia,FG,Triggiano,BA,2024-10-01,3,Gioved ,Ottobre,Pomeriggio (12:00 - 17:59)
460,M,2024-10-02,17:08,Foggia,FG,Manfredonia,FG,2024-10-02,2,Mercoled ,Ottobre,Pomeriggio (12:00 - 17:59)
461,M,2024-10-06,07:47,Foggia,FG,Monte Sant'Angelo,FG,2024-10-02,6,Domenica,Ottobre,Mattina (06:00 - 11:59)
462,M,2024-10-06,15:52,Foggia,FG, Ordona,FG,2024-10-03,6,Domenica,Ottobre,Pomeriggio (12:00 - 17:59)
463,F,2024-10-05,17:56,Foggia,FG,Andria,BT,2024-10-03,5,Sabato,Ottobre,Pomeriggio (12:00 - 17:59)
464,M,2024-10-04,18:27,Foggia,FG,Cerignola,FG,2024-10-03,4,Venerd ,Ottobre,Sera (18:00 - 23:59)
465,M,2024-10-07,20:51,Foggia,FG,San Ferdinando Di Puglia,BT,2024-10-03,7,Luned ,Ottobre,Sera (18:00 - 23:59)
466,F,2024-10-07,14:47,Foggia,FG, Orta Nova,FG,2024-10-04,7,Luned ,Ottobre,Pomeriggio (12:00 - 17:59)
467,M,2024-10-06,00:09,Foggia,FG,Vico Del Gargano,FG,2024-10-04,6,Domenica,Ottobre,Notte (00:00 - 05:59)
468,F,2024-10-08,10:00,Foggia,FG,Castelluccio Dei Sauri,FG,2024-10-07,8,Marted ,Ottobre,Mattina (06:00 - 11:59)
469,F,2024-10-08,16:05,Foggia,FG, Carapelle,FG,2024-10-07,8,Marted ,Ottobre,Pomeriggio (12:00 - 17:59)
470,F,2024-10-06,10:30,Foggia,FG,Vieste,FG,2024-10-07,6,Domenica,Ottobre,Mattina (06:00 - 11:59)
471,M,2024-10-08,11:39,Foggia,FG,Candela,FG,2024-10-08,8,Marted ,Ottobre,Mattina (06:00 - 11:59)
472,F,2024-10-09,04:06,Foggia,FG,Deliceto,FG,2024-10-08,9,Mercoled ,Ottobre,Notte (00:00 - 05:59)
473,M,2024-10-10,00:13,Foggia,FG,Lucera,FG,2024-10-08,10,Gioved ,Ottobre,Notte (00:00 - 05:59)
474,F,2024-10-08,09:23,Foggia,FG,Ascoli Satriano,FG,2024-10-09,8,Marted ,Ottobre,Mattina (06:00 - 11:59)
475,M,2024-10-09,11:57,Foggia,FG,Serracapriola,FG,2024-10-09,9,Mercoled ,Ottobre,Mattina (06:00 - 11:59)
476,M,2024-10-13,19:09,Foggia,FG,Carapelle,FG,2024-10-09,13,Domenica,Ottobre,Sera (18:00 - 23:59)
477,F,2024-10-11,09:15,Foggia,FG,Non Disponibile,Non Disponibile,2024-10-09,11,Venerd ,Ottobre,Mattina (06:00 - 11:59)
478,F,2024-10-10,20:45,Foggia,FG,San Severo,FG,2024-10-09,10,Gioved ,Ottobre,Sera (18:00 - 23:59)
479,M,2024-10-11,12:22,Foggia,FG,Keur Massar Cite Gendarmerie,SN,2024-10-11,11,Venerd ,Ottobre,Pomeriggio (12:00 - 17:59)
480,M,2024-10-14,00:59,Foggia,FG, Orta Nova,FG,2024-10-11,14,Luned ,Ottobre,Notte (00:00 - 05:59)
481,M,2024-10-15,04:01,Foggia,FG,Manfredonia,FG,2024-10-11,15,Marted ,Ottobre,Notte (00:00 - 05:59)
482,F,2024-10-14,08:48,Foggia,FG,Vico Del Gargano,FG,2024-10-11,14,Luned ,Ottobre,Mattina (06:00 - 11:59)
483,F,2024-10-14,16:56,Foggia,FG,Lucera,FG,2024-10-14,14,Luned ,Ottobre,Pomeriggio (12:00 - 17:59)
484,F,2024-10-16,13:51,Foggia,FG,Cerignola,FG,2024-10-14,16,Mercoled ,Ottobre,Pomeriggio (12:00 - 17:59)
485,F,2024-10-15,03:38,Foggia,FG,Canosa Di Puglia,BT,2024-10-14,15,Marted ,Ottobre,Notte (00:00 - 05:59)
486,M,2024-10-15,11:03,Foggia,FG,Vico Del Gargano,FG,2024-10-15,15,Marted ,Ottobre,Mattina (06:00 - 11:59)
487,F,2024-10-16,23:36,Foggia,FG,Lucera,FG,2024-10-15,16,Mercoled ,Ottobre,Sera (18:00 - 23:59)
488,M,2024-10-16,10:34,Foggia,FG,Manfredonia,FG,2024-10-15,16,Mercoled ,Ottobre,Mattina (06:00 - 11:59)
489,F,2024-10-18,22:46,Foggia,FG,San Marco In Lamis,FG,2024-10-17,18,Venerd ,Ottobre,Sera (18:00 - 23:59)
490,F,2024-10-19,15:45,Foggia,FG,San Severo,FG,2024-10-17,19,Sabato,Ottobre,Pomeriggio (12:00 - 17:59)
491,M,2024-10-14,11:50,Foggia,FG,Orta Nova,FG,2024-10-17,14,Luned ,Ottobre,Mattina (06:00 - 11:59)
492,M,2024-10-21,11:29,Foggia,FG,Orta Nova,FG,2024-10-18,21,Luned ,Ottobre,Mattina (06:00 - 11:59)
493,M,2024-10-20,22:30,Foggia,FG,Lucera,FG,2024-10-18,20,Domenica,Ottobre,Sera (18:00 - 23:59)
494,M,2024-10-22,00:10,Foggia,FG,Manfredonia,FG,2024-10-18,22,Marted ,Ottobre,Notte (00:00 - 05:59)
495,F,2024-10-22,03:33,Foggia,FG,Martina Franca,TA,2024-10-18,22,Marted ,Ottobre,Notte (00:00 - 05:59)
496,M,2024-10-22,15:25,Foggia,FG,Castelluccio Dei Sauri,FG,2024-10-21,22,Marted ,Ottobre,Pomeriggio (12:00 - 17:59)
497,M,2024-10-23,06:27,Foggia,FG, Barletta,BT,2024-10-21,23,Mercoled ,Ottobre,Mattina (06:00 - 11:59)
498,M,2024-10-22,04:53,Foggia,FG,San Nicandro Garganico,FG,2024-10-22,22,Marted ,Ottobre,Notte (00:00 - 05:59)
499,M,2024-10-24,23:02,Foggia,FG, Bovino,FG,2024-10-22,24,Gioved ,Ottobre,Sera (18:00 - 23:59)
500,F,2024-10-24,18:30,Foggia,FG,Lucera,FG,2024-10-22,24,Gioved ,Ottobre,Sera (18:00 - 23:59)
501,F,2024-10-27,00:47,Foggia,FG,Castelluccio Dei Sauri,FG,2024-10-22,27,Domenica,Ottobre,Notte (00:00 - 05:59)
502,F,2024-10-25,11:48,Foggia,FG, Lucera,FG,2024-10-23,25,Venerd ,Ottobre,Mattina (06:00 - 11:59)
503,M,2024-10-27,15:03,Foggia,FG,San Severo,FG,2024-10-23,27,Domenica,Ottobre,Pomeriggio (12:00 - 17:59)
504,F,2024-10-26,09:50,Foggia,FG,Carapelle,FG,2024-10-25,26,Sabato,Ottobre,Mattina (06:00 - 11:59)
505,M,2024-10-27,17:30,Foggia,FG,Cerignola,FG,2024-10-25,27,Domenica,Ottobre,Pomeriggio (12:00 - 17:59)
506,M,2024-10-29,19:50,Foggia,FG,Manfredonia,FG,2024-10-25,29,Marted ,Ottobre,Sera (18:00 - 23:59)
507,M,2024-10-28,19:10,Foggia,FG,Stornarella,FG,2024-10-25,28,Luned ,Ottobre,Sera (18:00 - 23:59)
508,M,2024-10-28,16:52,Foggia,FG,Milano,MI,2024-10-28,28,Luned ,Ottobre,Pomeriggio (12:00 - 17:59)
509,F,2024-10-29,16:35,Foggia,FG,Manfredonia,FG,2024-10-28,29,Marted ,Ottobre,Pomeriggio (12:00 - 17:59)
510,M,2024-10-28,10:00,Foggia,FG,Orta Nova,FG,2024-10-28,28,Luned ,Ottobre,Mattina (06:00 - 11:59)
511,M,2024-10-31,05:27,Foggia,FG,Torremaggiore,FG,2024-10-28,31,Gioved ,Ottobre,Notte (00:00 - 05:59)
512,M,2024-02-20,Orario Non Disponibile,Foggia,FG,Vieste,FG,2024-10-28,20,Marted ,Febbraio,Non Disponibile
513,M,2024-10-29,12:24,Foggia,FG,Cerignola,FG,2024-10-30,29,Marted ,Ottobre,Pomeriggio (12:00 - 17:59)
514,F,2024-10-30,00:48,Foggia,FG,Orta Nova,FG,2024-10-30,30,Mercoled ,Ottobre,Notte (00:00 - 05:59)
515,M,2024-11-03,11:07,Foggia,FG,Troia,FG,2024-10-30,3,Domenica,Novembre,Mattina (06:00 - 11:59)
516,F,2024-11-02,09:33,Foggia,FG,Poggio Imperiale,FG,2024-10-30,2,Sabato,Novembre,Mattina (06:00 - 11:59)
517,F,2024-11-01,16:29,Foggia,FG,Ascoli Satriano,FG,2024-10-31,1,Venerd ,Novembre,Pomeriggio (12:00 - 17:59)
518,F,2024-11-05,11:44,Foggia,FG,Carpino,FG,2024-10-31,5,Marted ,Novembre,Mattina (06:00 - 11:59)
519,F,2024-11-04,15:35,Foggia,FG,Non Disponibile,Non Disponibile,2024-10-31,4,Luned ,Novembre,Pomeriggio (12:00 - 17:59)
520,F,2024-11-01,03:42,Foggia,FG,Deliceto,FG,2024-10-31,1,Venerd ,Novembre,Notte (00:00 - 05:59)
521,M,2024-11-04,09:53,Foggia,FG,Lucera,FG,2024-10-31,4,Luned ,Novembre,Mattina (06:00 - 11:59)
522,M,2024-11-07,18:25,Foggia,FG,Canosa Di Puglia,BT,2024-11-04,7,Gioved ,Novembre,Sera (18:00 - 23:59)
523,F,2024-11-09,23:36,Foggia,FG,Serracapriola,FG,2024-11-04,9,Sabato,Novembre,Sera (18:00 - 23:59)
524,F,2024-11-11,06:58,Foggia,FG,Bovino,FG,2024-11-04,11,Luned ,Novembre,Mattina (06:00 - 11:59)
525,M,2024-11-13,09:10,Foggia,FG,Rodi Garganico,FG,2024-11-06,13,Mercoled ,Novembre,Mattina (06:00 - 11:59)
526,F,2024-11-13,05:03,Foggia,FG,Stornara,FG,2024-11-06,13,Mercoled ,Novembre,Notte (00:00 - 05:59)
527,M,2024-11-09,12:55,Foggia,FG,Orta Nova,FG,2024-11-06,9,Sabato,Novembre,Pomeriggio (12:00 - 17:59)
528,F,2024-11-13,13:47,Foggia,FG,Ascoli Satriano,FG,2024-11-07,13,Mercoled ,Novembre,Pomeriggio (12:00 - 17:59)
529,F,2024-11-12,12:35,Foggia,FG,Stornarella,FG,2024-11-08,12,Marted ,Novembre,Pomeriggio (12:00 - 17:59)
530,F,2024-11-10,17:56,Foggia,FG,Lucera,FG,2024-11-11,10,Domenica,Novembre,Pomeriggio (12:00 - 17:59)
531,M,2024-11-14,12:35,Foggia,FG,Lucera,FG,2024-11-12,14,Gioved ,Novembre,Pomeriggio (12:00 - 17:59)
532,M,2024-11-15,21:32,Foggia,FG,Milano,MI,2024-11-13,15,Venerd ,Novembre,Sera (18:00 - 23:59)
533,M,2024-11-13,23:38,Foggia,FG,Lucera,FG,2024-11-14,13,Mercoled ,Novembre,Sera (18:00 - 23:59)
534,M,2024-11-18,03:29,Foggia,FG,Ascoli Satriano,FG,2024-11-14,18,Luned ,Novembre,Notte (00:00 - 05:59)
535,F,2024-11-16,19:08,Foggia,FG,Stornarella,FG,2024-11-14,16,Sabato,Novembre,Sera (18:00 - 23:59)
536,M,2024-11-14,05:35,Foggia,FG,Cerignola,FG,2024-11-14,14,Gioved ,Novembre,Notte (00:00 - 05:59)
537,M,2024-11-15,23:54,Foggia,FG,Montella,AV,2024-11-15,15,Venerd ,Novembre,Sera (18:00 - 23:59)
538,M,2024-11-16,10:50,Foggia,FG,Sassuolo,MO,2024-11-15,16,Sabato,Novembre,Mattina (06:00 - 11:59)
539,M,2024-11-14,23:02,Foggia,FG,Lucera,FG,2024-11-18,14,Gioved ,Novembre,Sera (18:00 - 23:59)
540,F,2024-11-16,10:02,Foggia,FG,Cerignola,FG,2024-11-18,16,Sabato,Novembre,Mattina (06:00 - 11:59)
541,F,2024-11-18,11:22,Foggia,FG,Torremaggiore,FG,2024-11-18,18,Luned ,Novembre,Mattina (06:00 - 11:59)
542,F,2024-11-18,13:36,Foggia,FG,Orsara Di Puglia,FG,2024-11-18,18,Luned ,Novembre,Pomeriggio (12:00 - 17:59)
543,M,2024-11-15,17:09,Foggia,FG,Ascoli Satriano,FG,2024-11-18,15,Venerd ,Novembre,Pomeriggio (12:00 - 17:59)
544,M,2024-11-19,04:48,Foggia,FG,Ascoli Satriano,FG,2024-11-18,19,Marted ,Novembre,Notte (00:00 - 05:59)
545,F,2024-11-18,16:00,Foggia,FG,Orta Nova,FG,2024-11-18,18,Luned ,Novembre,Pomeriggio (12:00 - 17:59)
546,F,2024-11-17,09:56,Foggia,FG,Vico Del Gargano,FG,2024-11-18,17,Domenica,Novembre,Mattina (06:00 - 11:59)
547,F,2024-11-20,04:50,Foggia,FG,Torremaggiore,FG,2024-11-18,20,Mercoled ,Novembre,Notte (00:00 - 05:59)
548,M,2024-11-19,18:27,Foggia,FG,Carapelle,FG,2024-11-19,19,Marted ,Novembre,Sera (18:00 - 23:59)
549,M,2024-11-20,04:23,Foggia,FG,Carapelle,FG,2024-11-19,20,Mercoled ,Novembre,Notte (00:00 - 05:59)
550,M,2024-11-19,23:20,Foggia,FG,Carapelle,FG,2024-11-19,19,Marted ,Novembre,Sera (18:00 - 23:59)
551,F,2024-11-20,02:19,Foggia,FG,Torremaggiore,FG,2024-11-20,20,Mercoled ,Novembre,Notte (00:00 - 05:59)
552,M,2024-11-20,12:41,Foggia,FG,Lucera,FG,2024-11-20,20,Mercoled ,Novembre,Pomeriggio (12:00 - 17:59)
553,M,2024-11-19,10:11,Foggia,FG,Manfredonia,FG,2024-11-20,19,Marted ,Novembre,Mattina (06:00 - 11:59)
554,M,2024-11-21,11:18,Foggia,FG,San Severo,FG,2024-11-21,21,Gioved ,Novembre,Mattina (06:00 - 11:59)
555,M,2024-11-21,10:22,Foggia,FG,Non Disponibile,Non Disponibile,2024-11-21,21,Gioved ,Novembre,Mattina (06:00 - 11:59)
556,M,2024-11-21,10:20,Foggia,FG,Cerignola,FG,2024-11-21,21,Gioved ,Novembre,Mattina (06:00 - 11:59)
557,F,2024-11-23,11:23,Foggia,FG,Apricena,FG,2024-11-21,23,Sabato,Novembre,Mattina (06:00 - 11:59)
558,M,2024-11-22,09:59,Foggia,FG,Ascoli Satriano,FG,2024-11-21,22,Venerd ,Novembre,Mattina (06:00 - 11:59)
559,F,2024-11-23,03:16,Foggia,FG,Lucera,FG,2024-11-22,23,Sabato,Novembre,Notte (00:00 - 05:59)
560,M,2024-11-24,11:56,Foggia,FG,San Severo,FG,2024-11-22,24,Domenica,Novembre,Mattina (06:00 - 11:59)
561,M,2024-11-22,23:31,Foggia,FG,Non Disponibile,Non Disponibile,2024-11-22,22,Venerd ,Novembre,Sera (18:00 - 23:59)
562,F,2024-11-26,15:44,Foggia,FG,San Giovanni Rotondo,FG,2024-11-25,26,Marted ,Novembre,Pomeriggio (12:00 - 17:59)
563,M,2024-11-25,14:59,Foggia,FG,San Giovanni Rotondo,FG,2024-11-25,25,Luned ,Novembre,Pomeriggio (12:00 - 17:59)
564,M,2024-11-24,14:00,Foggia,FG, Lucera,FG,2024-11-25,24,Domenica,Novembre,Pomeriggio (12:00 - 17:59)
565,F,2024-11-24,08:44,Foggia,FG,Ordona,FG,2024-11-25,24,Domenica,Novembre,Mattina (06:00 - 11:59)
566,M,2024-11-25,18:05,Foggia,FG,Candela,FG,2024-11-25,25,Luned ,Novembre,Sera (18:00 - 23:59)
567,F,2024-11-26,16:33,Foggia,FG,Lesina,FG,2024-11-26,26,Marted ,Novembre,Pomeriggio (12:00 - 17:59)
568,F,2024-11-27,22:02,Foggia,FG,Ordona,FG,2024-11-26,27,Mercoled ,Novembre,Sera (18:00 - 23:59)
569,F,2024-11-25,10:18,Foggia,FG,Apricena,FG,2024-11-27,25,Luned ,Novembre,Mattina (06:00 - 11:59)
570,M,2024-11-29,08:35,Foggia,FG,Manfredonia,FG,2024-11-27,29,Venerd ,Novembre,Mattina (06:00 - 11:59)
571,F,2024-11-30,12:11,Foggia,FG,Cerignola,FG,2024-11-27,30,Sabato,Novembre,Pomeriggio (12:00 - 17:59)
572,M,2024-11-30,19:22,Foggia,FG,Castelnuovo Della Daunia,FG,2024-11-27,30,Sabato,Novembre,Sera (18:00 - 23:59)
573,M,2024-11-30,08:30,Foggia,FG,San Severo,FG,2024-11-27,30,Sabato,Novembre,Mattina (06:00 - 11:59)
574,F,2024-12-02,04:39,Foggia,FG,Apricena,FG,2024-11-28,2,Luned ,Dicembre,Notte (00:00 - 05:59)
575,M,2024-11-29,07:32,Foggia,FG,Troia,FG,2024-11-28,29,Venerd ,Novembre,Mattina (06:00 - 11:59)
576,M,2024-12-02,20:30,Foggia,FG,Canosa Di Puglia,BT,2024-11-28,2,Luned ,Dicembre,Sera (18:00 - 23:59)
577,M,2024-12-04,10:52,Foggia,FG,Vieste,FG,2024-12-02,4,Mercoled ,Dicembre,Mattina (06:00 - 11:59)
578,M,2024-12-02,15:45,Foggia,FG,Piacenza,PC,2024-12-02,2,Luned ,Dicembre,Pomeriggio (12:00 - 17:59)
579,F,2024-12-04,08:16,Foggia,FG,Ordona,FG,2024-12-02,4,Mercoled ,Dicembre,Mattina (06:00 - 11:59)
580,F,2024-12-03,19:16,Foggia,FG,Cerignola,FG,2024-12-02,3,Marted ,Dicembre,Sera (18:00 - 23:59)
581,F,2024-12-03,12:37,Foggia,FG,Lucera,FG,2024-12-03,3,Marted ,Dicembre,Pomeriggio (12:00 - 17:59)
582,M,2024-12-05,05:07,Foggia,FG,Manfredonia,FG,2024-12-03,5,Gioved ,Dicembre,Notte (00:00 - 05:59)
583,F,2024-12-06,20:38,Foggia,FG,Lucera,FG,2024-12-04,6,Venerd ,Dicembre,Sera (18:00 - 23:59)
584,M,2024-12-07,02:54,Foggia,FG,Andria,BT,2024-12-05,7,Sabato,Dicembre,Notte (00:00 - 05:59)
585,M,2024-12-09,15:46,Foggia,FG,Carapelle,FG,2024-12-05,9,Luned ,Dicembre,Pomeriggio (12:00 - 17:59)
586,M,2024-12-09,17:13,Foggia,FG,Monopoli,BA,2024-12-06,9,Luned ,Dicembre,Pomeriggio (12:00 - 17:59)
587,F,2024-12-08,19:14,Foggia,FG,Candela,FG,2024-12-06,8,Domenica,Dicembre,Sera (18:00 - 23:59)
588,M,2024-11-28,Orario Non Disponibile,Foggia,FG,Cerignola,FG,2024-12-06,28,Gioved ,Novembre,Non Disponibile
589,M,2024-12-09,12:09,Foggia,FG,Quarto,NA,2024-12-06,9,Luned ,Dicembre,Pomeriggio (12:00 - 17:59)
590,M,2024-10-06,Orario Non Disponibile,Taranto,TA,Elmenhorst/Lichtenh Agen,DE,2025-02-10,6,Domenica,Ottobre,Non Disponibile
591,M,2024-12-11,12:32,Foggia,FG,Volturino,FG,2024-12-09,11,Mercoled ,Dicembre,Pomeriggio (12:00 - 17:59)
592,M,2024-12-12,06:03,Foggia,FG,Lesina,FG,2024-12-10,12,Gioved ,Dicembre,Mattina (06:00 - 11:59)
593,F,2024-12-14,11:10,Foggia,FG,Manfredonia,FG,2024-12-10,14,Sabato,Dicembre,Mattina (06:00 - 11:59)
594,F,2024-12-13,16:15,Foggia,FG,Manfredonia,FG,2024-12-10,13,Venerd ,Dicembre,Pomeriggio (12:00 - 17:59)
595,F,2024-12-13,18:05,Foggia,FG,Lucera,FG,2024-12-10,13,Venerd ,Dicembre,Sera (18:00 - 23:59)
596,M,2024-12-16,03:14,Foggia,FG,Non Disponibile,Non Disponibile,2024-12-12,16,Luned ,Dicembre,Notte (00:00 - 05:59)
597,M,2024-12-15,16:41,Foggia,FG,Lucera,FG,2024-12-12,15,Domenica,Dicembre,Pomeriggio (12:00 - 17:59)
598,F,2024-12-16,10:00,Foggia,FG,Non Disponibile,Non Disponibile,2024-12-12,16,Luned ,Dicembre,Mattina (06:00 - 11:59)
599,M,2024-12-17,00:04,Foggia,FG,Torremaggiore,FG,2024-12-12,17,Marted ,Dicembre,Notte (00:00 - 05:59)
600,M,2024-12-17,14:51,Foggia,FG,Roma,RM,2024-12-12,17,Marted ,Dicembre,Pomeriggio (12:00 - 17:59)
601,M,2024-12-17,00:01,Foggia,FG,Brindisi,BR,2024-12-16,17,Marted ,Dicembre,Notte (00:00 - 05:59)
602,M,2024-12-18,13:23,Foggia,FG,Rodi Garganico,FG,2024-12-16,18,Mercoled ,Dicembre,Pomeriggio (12:00 - 17:59)
603,F,2024-12-18,19:31,Foggia,FG,Manfredonia,FG,2024-12-16,18,Mercoled ,Dicembre,Sera (18:00 - 23:59)
604,M,2024-12-20,00:42,Foggia,FG,Accadia,FG,2024-12-16,20,Venerd ,Dicembre,Notte (00:00 - 05:59)
605,F,2024-12-20,23:40,Foggia,FG,Orta Nova,FG,2024-12-16,20,Venerd ,Dicembre,Sera (18:00 - 23:59)
606,M,2024-12-20,12:48,Foggia,FG,Stornara,FG,2024-12-18,20,Venerd ,Dicembre,Pomeriggio (12:00 - 17:59)
607,F,2024-12-22,09:36,Foggia,FG,Non Disponibile,Non Disponibile,2024-12-19,22,Domenica,Dicembre,Mattina (06:00 - 11:59)
608,M,2024-12-22,12:07,Foggia,FG,Lucera,FG,2024-12-19,22,Domenica,Dicembre,Pomeriggio (12:00 - 17:59)
609,F,2024-12-23,05:26,Foggia,FG,Manfredonia,FG,2024-12-19,23,Luned ,Dicembre,Notte (00:00 - 05:59)
610,F,2024-12-22,19:52,Foggia,FG,Vieste,FG,2024-12-20,22,Domenica,Dicembre,Sera (18:00 - 23:59)
611,F,2024-12-21,21:43,Foggia,FG,Non Disponibile,Non Disponibile,2024-12-20,21,Sabato,Dicembre,Sera (18:00 - 23:59)
612,M,2024-12-23,12:13,Foggia,FG,San Giovanni Rotondo,FG,2024-12-20,23,Luned ,Dicembre,Pomeriggio (12:00 - 17:59)
613,M,2024-12-23,18:10,Foggia,FG, Lucera,FG,2024-12-23,23,Luned ,Dicembre,Sera (18:00 - 23:59)
614,F,2024-12-21,10:28,Foggia,FG,Troia,FG,2024-12-23,21,Sabato,Dicembre,Mattina (06:00 - 11:59)
615,F,2024-12-25,18:44,Foggia,FG,Macedonia,MK,2024-12-23,25,Mercoled ,Dicembre,Sera (18:00 - 23:59)
616,F,2024-12-25,05:04,Foggia,FG,Apricena,FG,2024-12-23,25,Mercoled ,Dicembre,Notte (00:00 - 05:59)
617,M,2024-12-26,23:21,Foggia,FG,Manfredonia,FG,2024-12-23,26,Gioved ,Dicembre,Sera (18:00 - 23:59)
618,M,2024-12-26,19:26,Foggia,FG,Manfredonia,FG,2024-12-23,26,Gioved ,Dicembre,Sera (18:00 - 23:59)
619,F,2024-12-26,08:34,Foggia,FG,Celenza Valfortore,FG,2024-12-24,26,Gioved ,Dicembre,Mattina (06:00 - 11:59)
620,M,2024-12-29,13:35,Foggia,FG,Orta Nova,FG,2024-12-24,29,Domenica,Dicembre,Pomeriggio (12:00 - 17:59)
621,F,2024-12-24,11:11,Foggia,FG,San Marco In Lamis,FG,2024-12-24,24,Marted ,Dicembre,Mattina (06:00 - 11:59)
622,F,2024-12-28,12:00,Foggia,FG, Lucera,FG,2024-12-24,28,Sabato,Dicembre,Pomeriggio (12:00 - 17:59)
623,M,2024-12-28,06:56,Foggia,FG,Manfredonia,FG,2024-12-27,28,Sabato,Dicembre,Mattina (06:00 - 11:59)
624,F,2024-12-29,04:13,Foggia,FG,Stornarella,FG,2024-12-27,29,Domenica,Dicembre,Notte (00:00 - 05:59)
625,F,2024-12-28,03:12,Foggia,FG,Stornarella,FG,2024-12-27,28,Sabato,Dicembre,Notte (00:00 - 05:59)
626,M,2024-12-27,11:32,Foggia,FG,Lucera,FG,2024-12-27,27,Venerd ,Dicembre,Mattina (06:00 - 11:59)
627,M,2024-12-28,09:26,Foggia,FG,Sannicandro Garganico,FG,2024-12-27,28,Sabato,Dicembre,Mattina (06:00 - 11:59)
628,F,2024-12-29,07:10,Foggia,FG, Lucera,FG,2024-12-30,29,Domenica,Dicembre,Mattina (06:00 - 11:59)
629,M,2024-12-29,23:51,Foggia,FG,Canosa Di Puglia,BT,2024-12-30,29,Domenica,Dicembre,Sera (18:00 - 23:59)
630,M,2024-12-29,16:07,Foggia,FG,San Paolo Di Civitate,FG,2024-12-30,29,Domenica,Dicembre,Pomeriggio (12:00 - 17:59)
631,F,2024-03-24,17:42,Parigi,DE,Ascoli Satriano,FG,2025-01-02,24,Domenica,Marzo,Pomeriggio (12:00 - 17:59)
632,F,2024-05-12,Orario Non Disponibile,Bielefeld,DE,Vico Del Gargano,FG,2024-01-05,12,Domenica,Maggio,Non Disponibile
633,M,2024-10-19,Orario Non Disponibile,Rostock,FR,Non Disponibile,Non Disponibile,2025-01-16,19,Sabato,Ottobre,Non Disponibile
634,F,2024-08-07,14:48,Madrid,ES,Apricena,FG,2024-12-31,7,Mercoled ,Agosto,Pomeriggio (12:00 - 17:59)
635,F,2024-03-06,Orario Non Disponibile,Foggia,FG,Non Disponibile,Non Disponibile,2024-12-30,6,Mercoled ,Marzo,Non Disponibile
