Numero,Sesso,Data di Nascita,Ora Nascita,Comune Nascita,Sigla Provincia o Stato,Comune Residenza,Data Atto,Giorno Nascita,Mese Nascita,Giorno Settimana,Fascia Oraria
1,F,2024-01-01,19:13,Foggia,FG,Foggia,2024-01-02,1,Gennaio,Lunedi,Sera (18:00 - 23:59)
2,M,2024-01-01,09:50,Foggia,FG,Foggia,2024-01-02,1,Gennaio,Lunedi,Mattina (06:00 - 11:59)
3,F,2024-01-02,23:55,Foggia,FG,Foggia,2024-01-03,2,Gennaio,Martedi,Sera (18:00 - 23:59)
4,F,2024-01-01,16:26,Foggia,FG,Foggia,2024-01-03,1,Gennaio,Lunedì,Pomeriggio (12:00 - 17:59)
5,M,2024-01-02,06:27,Foggia,FG,Foggia,2024-01-03,2,Gennaio,Martedi,Mattina (06:00 - 11:59)
6,M,2024-01-03,04:45,Foggia,FG,Foggia,2024-01-03,3,Gennaio,Mercoledi,Notte (00:00 - 05:59)
7,M,2024-01-02,01:10,Foggia,FG,Foggia,2024-01-03,2,Gennaio,Martedì,Notte (00:00 - 05:59)
8,F,2024-01-01,12:56,Foggia,FG,Foggia,2024-01-04,1,Gennaio,Lunedì,Pomeriggio (12:00 - 17:59)
9,M,2024-01-02,21:26,Foggia,FG,Foggia,2024-01-04,2,Gennaio,Martedì,Sera (18:00 - 23:59)
10,M,2024-01-04,08:22,Foggia,FG,Foggia,2024-01-04,4,Gennaio,Giovedi,Mattina (06:00 - 11:59)
11,F,2024-01-04,14:58,Foggia,FG,Foggia,2024-01-05,4,Gennaio,Giovedi,Pomeriggio (12:00 - 17:59)
12,M,2024-01-04,23:58,Foggia,FG,Foggia,2024-01-05,4,Gennaio,Giovedì,Sera (18:00 - 23:59)
13,M,2024-01-04,13:37,Foggia,FG,Foggia,2024-01-05,4,Gennaio,Giovedì,Pomeriggio (12:00 - 17:59)
14,M,2024-01-05,10:01,Foggia,FG,Foggia,2024-01-05,5,Gennaio,Venerdi,Mattina (06:00 - 11:59)
15,F,2024-01-07,02:25,Foggia,FG,Foggia,2024-01-08,7,Gennaio,Domenica,Notte (00:00 - 05:59)
16,F,2024-01-06,19:16,Foggia,FG,Foggia,2024-01-08,6,Gennaio,Sabato,Sera (18:00 - 23:59)
17,M,2024-01-08,12:29,Foggia,FG,Foggia,2024-01-09,8,Gennaio,Lunedì,Pomeriggio (12:00 - 17:59)
18,F,2024-01-09,00:54,Foggia,FG,Foggia,2024-01-09,9,Gennaio,Martedì,Notte (00:00 - 05:59)
19,M,2024-01-09,00:53,Foggia,FG,Foggia,2024-01-09,9,Gennaio,Martedì,Notte (00:00 - 05:59)
20,F,2024-01-07,07:15,Foggia,FG,Foggia,2024-01-09,7,Gennaio,Domenica,Mattina (06:00 - 11:59)
21,F,2024-01-08,17:18,Foggia,FG,Foggia,2024-01-10,8,Gennaio,Lunedì,Pomeriggio (12:00 - 17:59)
22,M,2024-01-10,16:29,Foggia,FG,Foggia,2024-01-11,10,Gennaio,Mercoledi,Pomeriggio (12:00 - 17:59)
23,M,2024-01-09,04:37,Foggia,FG,Foggia,2024-01-11,9,Gennaio,Martedì,Notte (00:00 - 05:59)
24,F,2024-01-09,15:46,Foggia,FG,Foggia,2024-01-11,9,Gennaio,Martedì,Pomeriggio (12:00 - 17:59)
25,M,2024-01-09,09:06,Foggia,FG,Foggia,2024-01-11,9,Gennaio,Martedì,Mattina (06:00 - 11:59)
26,M,2024-01-10,12:27,Foggia,FG,Foggia,2024-01-11,10,Gennaio,Mercoledi,Pomeriggio (12:00 - 17:59)
27,F,2024-01-09,14:52,Foggia,FG,Foggia,2024-01-12,9,Gennaio,Martedì,Pomeriggio (12:00 - 17:59)
28,F,2024-01-11,09:16,Foggia,FG,Foggia,2024-01-12,11,Gennaio,Giovedì,Mattina (06:00 - 11:59)
29,M,2024-01-10,15:53,Foggia,FG,Foggia,2024-01-12,10,Gennaio,Mercoledì,Pomeriggio (12:00 - 17:59)
30,F,2024-01-16,04:11,Foggia,FG,Foggia,2024-01-16,16,Gennaio,Martedì,Notte (00:00 - 05:59)
31,M,2024-01-13,14:40,Foggia,FG,Foggia,2024-01-16,13,Gennaio,Sabato,Pomeriggio (12:00 - 17:59)
32,M,2024-01-14,00:57,Foggia,FG,Foggia,2024-01-16,14,Gennaio,Domenica,Notte (00:00 - 05:59)
33,M,2024-01-08,02:35,Pescara,PE,Foggia,2024-01-16,8,Gennaio,Lunedì,Notte (00:00 - 05:59)
34,F,2024-01-13,10:39, Foggia,FG,Foggia,2024-01-16,13,Gennaio,Sabato,Mattina (06:00 - 11:59)
35,F,2024-01-11,17:08, Foggia,FG,Foggia,2024-01-16,11,Gennaio,Giovedì,Pomeriggio (12:00 - 17:59)
36,F,2024-01-14,07:38, Foggia,FG,Foggia,2024-01-16,14,Gennaio,Domenica,Mattina (06:00 - 11:59)
37,M,2024-01-12,15:03, Foggia,FG,Foggia,2024-01-16,12,Gennaio,Venerdi,Pomeriggio (12:00 - 17:59)
38,F,2024-01-13,10:13, Foggia,FG,Foggia,2024-01-16,13,Gennaio,Sabato,Mattina (06:00 - 11:59)
39,F,2024-01-16,11:08, Foggia,FG,Foggia,2024-01-17,16,Gennaio,Martedì,Mattina (06:00 - 11:59)
40,F,2024-01-16,21:34, Foggia,FG,Foggia,2024-01-17,16,Gennaio,Martedì,Sera (18:00 - 23:59)
41,M,2024-01-15,15:33, Foggia,FG,Foggia,2024-01-17,15,Gennaio,Lunedì,Pomeriggio (12:00 - 17:59)
42,M,2024-01-17,04:47, Foggia,FG,Foggia,2024-01-18,17,Gennaio,Mercoledì,Notte (00:00 - 05:59)
43,M,2024-01-16,12:57, Foggia,FG,Foggia,2024-01-18,16,Gennaio,Martedì,Pomeriggio (12:00 - 17:59)
44,M,2024-01-17,05:30, Foggia,FG,Foggia,2024-01-18,17,Gennaio,Mercoledì,Notte (00:00 - 05:59)
45,M,2024-01-17,19:54, Foggia,FG,Foggia,2024-01-19,17,Gennaio,Mercoledì,Sera (18:00 - 23:59)
46,F,2024-01-18,10:37, Foggia,FG,Foggia,2024-01-19,18,Gennaio,Giovedì,Mattina (06:00 - 11:59)
47,M,2024-01-17,00:44, Foggia,FG,Foggia,2024-01-19,17,Gennaio,Mercoledì,Notte (00:00 - 05:59)
48,F,2024-01-10,10:28, Foggia,FG,Foggia,2024-01-19,10,Gennaio,Mercoledì,Mattina (06:00 - 11:59)
49,F,2024-01-18,18:49, Foggia,FG,Foggia,2024-01-19,18,Gennaio,Giovedì,Sera (18:00 - 23:59)
50,F,2024-01-18,00:33, Foggia,FG,Foggia,2024-01-19,18,Gennaio,Giovedì,Notte (00:00 - 05:59)
51,M,2024-01-20,18:46, Foggia,FG,Foggia,2024-01-22,20,Gennaio,Sabato,Sera (18:00 - 23:59)
52,M,2024-01-21,07:46, Foggia,FG,Foggia,2024-01-22,21,Gennaio,Domenica,Mattina (06:00 - 11:59)
53,M,2024-01-20,12:27, Foggia,FG,Foggia,2024-01-22,20,Gennaio,Sabato,Pomeriggio (12:00 - 17:59)
54,M,2024-01-19,09:27, Foggia,FG,Foggia,2024-01-22,19,Gennaio,Venerdì,Mattina (06:00 - 11:59)
55,M,2024-01-22,03:11, Foggia,FG,Foggia,2024-01-22,22,Gennaio,Lunedì,Notte (00:00 - 05:59)
56,M,2024-01-19,09:09, Foggia,FG,Foggia,2024-01-22,19,Gennaio,Venerdì,Mattina (06:00 - 11:59)
57,M,2024-01-20,10:40, Foggia,FG,Foggia,2024-01-22,20,Gennaio,Sabato,Mattina (06:00 - 11:59)
58,F,2024-01-19,06:52, Foggia,FG,Foggia,2024-01-22,19,Gennaio,Venerdì,Mattina (06:00 - 11:59)
59,F,2024-01-21,14:34, Foggia,FG,Foggia,2024-01-22,21,Gennaio,Domenica,Pomeriggio (12:00 - 17:59)
60,F,2024-01-19,15:10, Foggia,FG,Foggia,2024-01-22,19,Gennaio,Venerdì,Pomeriggio (12:00 - 17:59)
61,M,2024-01-19,16:05, Foggia,FG,Foggia,2024-01-22,19,Gennaio,Venerdì,Pomeriggio (12:00 - 17:59)
62,F,2024-01-21,08:59, Foggia,FG,Foggia,2024-01-23,21,Gennaio,Domenica,Mattina (06:00 - 11:59)
63,M,2024-01-23,11:32, Foggia,FG,Foggia,2024-01-24,23,Gennaio,Martedì,Mattina (06:00 - 11:59)
64,F,2024-01-23,16:30, Foggia,FG,Foggia,2024-01-24,23,Gennaio,Martedì,Pomeriggio (12:00 - 17:59)
65,M,2024-01-16,Orario Non Disponibile,Castellammare Di Stabia,NA,Foggia,2024-01-24,16,Gennaio,Martedì,Non Disponibile
66,F,2024-01-23,21:07,Foggia,FG,Foggia,2024-01-24,23,Gennaio,Martedì,Sera (18:00 - 23:59)
67,F,2024-01-23,15:53,Foggia,FG,Foggia,2024-01-24,23,Gennaio,Martedì,Pomeriggio (12:00 - 17:59)
68,F,2024-01-22,15:20,Foggia,FG,Foggia,2024-01-24,22,Gennaio,Lunedì,Pomeriggio (12:00 - 17:59)
69,F,2024-01-24,00:18,San Severo,FG,Foggia,2024-01-25,24,Gennaio,Mercoledì,Notte (00:00 - 05:59)
70,M,2024-01-24,15:57,Foggia,FG,Foggia,2024-01-25,24,Gennaio,Mercoledì,Pomeriggio (12:00 - 17:59)
71,F,2024-01-25,04:12,Foggia,FG,Foggia,2024-01-25,25,Gennaio,Giovedì,Notte (00:00 - 05:59)
72,M,2024-01-24,10:49,Foggia,FG,Foggia,2024-01-25,24,Gennaio,Mercoledì,Mattina (06:00 - 11:59)
73,M,2024-01-24,20:59,Foggia,FG,Foggia,2024-01-25,24,Gennaio,Mercoledì,Sera (18:00 - 23:59)
74,F,2024-01-18,17:50,Pescara,PE,Foggia,2024-01-25,18,Gennaio,Giovedì,Pomeriggio (12:00 - 17:59)
75,M,2024-01-25,23:27,Foggia,FG,Foggia,2024-01-26,25,Gennaio,Giovedì,Sera (18:00 - 23:59)
76,F,2024-01-25,11:46,Foggia,FG,Foggia,2024-01-26,25,Gennaio,Giovedì,Mattina (06:00 - 11:59)
77,F,2024-01-27,10:42,Foggia,FG,Foggia,2024-01-29,27,Gennaio,Sabato,Mattina (06:00 - 11:59)
78,M,2024-01-26,16:44,Foggia,FG,Foggia,2024-01-29,26,Gennaio,Venerdì,Pomeriggio (12:00 - 17:59)
79,M,2024-01-27,06:37,Foggia,FG,Foggia,2024-01-29,27,Gennaio,Sabato,Mattina (06:00 - 11:59)
80,M,2024-01-28,15:01,Foggia,FG,Foggia,2024-01-30,28,Gennaio,Domenica,Pomeriggio (12:00 - 17:59)
81,F,2024-01-27,00:15,Foggia,FG,Foggia,2024-01-30,27,Gennaio,Sabato,Notte (00:00 - 05:59)
82,M,2024-01-25,09:19,Foggia,FG,Foggia,2024-01-30,25,Gennaio,Giovedì,Mattina (06:00 - 11:59)
83,F,2024-01-29,07:27,Foggia,FG,Foggia,2024-01-30,29,Gennaio,Lunedì,Mattina (06:00 - 11:59)
84,F,2024-01-25,09:20,Foggia,FG,Foggia,2024-01-30,25,Gennaio,Giovedì,Mattina (06:00 - 11:59)
85,F,2024-01-30,09:24,Foggia,FG,Foggia,2024-01-30,30,Gennaio,Martedì,Mattina (06:00 - 11:59)
86,M,2024-01-29,13:38,Foggia,FG,Foggia,2024-01-31,29,Gennaio,Lunedì,Pomeriggio (12:00 - 17:59)
87,M,2024-01-29,02:46,Foggia,FG,Foggia,2024-01-31,29,Gennaio,Lunedì,Notte (00:00 - 05:59)
88,M,2024-01-31,01:55,Foggia,FG,Foggia,2024-02-01,31,Gennaio,Mercoledì,Notte (00:00 - 05:59)
89,F,2024-01-31,19:38,Foggia,FG,Foggia,2024-02-02,31,Gennaio,Mercoledì,Sera (18:00 - 23:59)
90,M,2024-01-30,16:23,Foggia,FG,Foggia,2024-02-02,30,Gennaio,Martedì,Pomeriggio (12:00 - 17:59)
91,M,2024-01-31,13:19,Foggia,FG,Foggia,2024-02-02,31,Gennaio,Mercoledì,Pomeriggio (12:00 - 17:59)
92,F,2024-02-01,01:40,Foggia,FG,Foggia,2024-02-02,1,Febbraio,Giovedì,Notte (00:00 - 05:59)
93,F,2024-02-04,03:19,Foggia,FG,Foggia,2024-02-05,4,Febbraio,Domenica,Notte (00:00 - 05:59)
94,F,2024-02-04,15:03,Foggia,FG,Foggia,2024-02-05,4,Febbraio,Domenica,Pomeriggio (12:00 - 17:59)
95,M,2024-02-03,21:40,Foggia,FG,Foggia,2024-02-05,3,Febbraio,Sabato,Sera (18:00 - 23:59)
96,M,2024-02-02,18:01,Foggia,FG,Foggia,2024-02-05,2,Febbraio,Venerdì,Sera (18:00 - 23:59)
97,M,2024-02-02,00:39,Foggia,FG,Foggia,2024-02-05,2,Febbraio,Venerdì,Notte (00:00 - 05:59)
98,M,2024-02-03,03:14,Foggia,FG,Foggia,2024-02-05,3,Febbraio,Sabato,Notte (00:00 - 05:59)
99,F,2024-01-26,13:02,Cerignola,FG,Foggia,2024-02-06,26,Gennaio,Venerdì,Pomeriggio (12:00 - 17:59)
100,M,2024-02-01,02:44,Foggia,FG,Foggia,2024-02-06,1,Febbraio,Giovedì,Notte (00:00 - 05:59)
101,F,2024-02-03,13:06,Foggia,FG,Foggia,2024-02-06,3,Febbraio,Sabato,Pomeriggio (12:00 - 17:59)
102,M,2024-02-06,13:28,Foggia,FG,Foggia,2024-02-07,6,Febbraio,Martedì,Pomeriggio (12:00 - 17:59)
103,M,2024-02-06,08:24,Foggia,FG,Foggia,2024-02-07,6,Febbraio,Martedì,Mattina (06:00 - 11:59)
104,M,2024-02-07,18:28,Foggia,FG,Foggia,2024-02-09,7,Febbraio,Mercoledì,Sera (18:00 - 23:59)
105,M,2024-02-06,04:25,Foggia,FG,Foggia,2024-02-09,6,Febbraio,Martedì,Notte (00:00 - 05:59)
106,F,2024-02-08,23:55,Foggia,FG,Foggia,2024-02-09,8,Febbraio,Giovedì,Sera (18:00 - 23:59)
107,M,2024-02-08,09:24,Foggia,FG,Foggia,2024-02-09,8,Febbraio,Giovedì,Mattina (06:00 - 11:59)
108,M,2024-02-07,17:04,Foggia,FG,Foggia,2024-02-09,7,Febbraio,Mercoledì,Pomeriggio (12:00 - 17:59)
109,M,2024-02-06,03:25,Foggia,FG,Foggia,2024-02-09,6,Febbraio,Martedì,Notte (00:00 - 05:59)
110,M,2024-02-08,22:45,Foggia,FG,Foggia,2024-02-09,8,Febbraio,Giovedì,Sera (18:00 - 23:59)
111,M,2024-02-06,22:45,Foggia,FG,Foggia,2024-02-09,6,Febbraio,Martedì,Sera (18:00 - 23:59)
112,F,2024-02-07,15:33,Foggia,FG,Foggia,2024-02-09,7,Febbraio,Mercoledì,Pomeriggio (12:00 - 17:59)
113,F,2024-02-08,22:01,Foggia,FG,Foggia,2024-02-12,8,Febbraio,Giovedì,Sera (18:00 - 23:59)
114,M,2024-02-10,16:09,Foggia,FG,Foggia,2024-02-12,10,Febbraio,Sabato,Pomeriggio (12:00 - 17:59)
115,M,2024-02-11,00:05,Foggia,FG,Foggia,2024-02-12,11,Febbraio,Domenica,Notte (00:00 - 05:59)
116,M,2024-02-11,06:46,Foggia,FG,Foggia,2024-02-12,11,Febbraio,Domenica,Mattina (06:00 - 11:59)
117,F,2024-02-11,12:03,Foggia,FG,Foggia,2024-02-12,11,Febbraio,Domenica,Pomeriggio (12:00 - 17:59)
118,F,2024-02-10,13:51,Foggia,FG,Foggia,2024-02-12,10,Febbraio,Sabato,Pomeriggio (12:00 - 17:59)
119,M,2024-02-10,18:22,Foggia,FG,Foggia,2024-02-13,10,Febbraio,Sabato,Sera (18:00 - 23:59)
120,M,2024-02-12,11:16,Foggia,FG,Foggia,2024-02-13,12,Febbraio,Lunedì,Mattina (06:00 - 11:59)
121,M,2024-02-13,08:34,Foggia,FG,Foggia,2024-02-13,13,Febbraio,Martedì,Mattina (06:00 - 11:59)
122,M,2024-02-12,14:04,Foggia,FG,Foggia,2024-02-13,12,Febbraio,Lunedì,Pomeriggio (12:00 - 17:59)
123,F,2024-02-13,06:19,Foggia,FG,Foggia,2024-02-14,13,Febbraio,Martedì,Mattina (06:00 - 11:59)
124,F,2024-02-14,11:03,Foggia,FG,Foggia,2024-02-15,14,Febbraio,Mercoledì,Mattina (06:00 - 11:59)
125,M,2024-02-14,21:39,Foggia,FG,Foggia,2024-02-15,14,Febbraio,Mercoledì,Sera (18:00 - 23:59)
126,F,2024-02-01,11:22,Foggia,FG,Foggia,2024-02-15,1,Febbraio,Giovedì,Mattina (06:00 - 11:59)
127,M,2024-02-15,22:04,Foggia,FG,Foggia,2024-02-16,15,Febbraio,Giovedì,Sera (18:00 - 23:59)
128,F,2024-02-13,10:57,Foggia,FG,Foggia,2024-02-16,13,Febbraio,Martedì,Mattina (06:00 - 11:59)
129,F,2024-02-16,09:49,Foggia,FG,Foggia,2024-02-16,16,Febbraio,Venerdì,Mattina (06:00 - 11:59)
130,M,2024-02-16,22:44,Foggia,FG,Foggia,2024-02-19,16,Febbraio,Venerdì,Sera (18:00 - 23:59)
131,F,2024-02-18,13:13,Foggia,FG,Foggia,2024-02-19,18,Febbraio,Domenica,Pomeriggio (12:00 - 17:59)
132,M,2024-02-18,02:39,Foggia,FG,Foggia,2024-02-19,18,Febbraio,Domenica,Notte (00:00 - 05:59)
133,M,2024-02-17,10:15,Foggia,FG,Foggia,2024-02-19,17,Febbraio,Sabato,Mattina (06:00 - 11:59)
134,M,2024-02-17,20:24,Foggia,FG,Foggia,2024-02-19,17,Febbraio,Sabato,Sera (18:00 - 23:59)
135,M,2024-02-19,09:36,Foggia,FG,Foggia,2024-02-19,19,Febbraio,Lunedì,Mattina (06:00 - 11:59)
136,F,2024-02-19,14:04,Foggia,FG,Foggia,2024-02-20,19,Febbraio,Lunedì,Pomeriggio (12:00 - 17:59)
137,F,2024-02-19,18:16,Foggia,FG,Foggia,2024-02-21,19,Febbraio,Lunedì,Sera (18:00 - 23:59)
138,M,2024-02-20,22:46,Foggia,FG,Foggia,2024-02-22,20,Febbraio,Martedì,Sera (18:00 - 23:59)
139,M,2024-02-20,14:51,Foggia,FG,Foggia,2024-02-22,20,Febbraio,Martedì,Pomeriggio (12:00 - 17:59)
140,M,2024-02-20,15:26,Foggia,FG,Foggia,2024-02-22,20,Febbraio,Martedì,Pomeriggio (12:00 - 17:59)
141,F,2024-02-21,18:25,Foggia,FG,Foggia,2024-02-22,21,Febbraio,Mercoledì,Sera (18:00 - 23:59)
142,M,2024-02-21,18:33,Foggia,FG,Foggia,2024-02-22,21,Febbraio,Mercoledì,Sera (18:00 - 23:59)
143,F,2024-02-22,14:53,Foggia,FG,Foggia,2024-02-23,22,Febbraio,Giovedì,Pomeriggio (12:00 - 17:59)
144,F,2024-02-22,11:18,Foggia,FG,Foggia,2024-02-23,22,Febbraio,Giovedì,Mattina (06:00 - 11:59)
145,M,2024-02-22,04:06,Foggia,FG,Foggia,2024-02-23,22,Febbraio,Giovedì,Notte (00:00 - 05:59)
146,M,2024-02-23,02:31,Foggia,FG,Foggia,2024-02-23,23,Febbraio,Venerdì,Notte (00:00 - 05:59)
147,M,2024-02-23,03:27,Foggia,FG,Foggia,2024-02-26,23,Febbraio,Venerdì,Notte (00:00 - 05:59)
148,M,2024-02-25,23:01,Foggia,FG,Foggia,2024-02-26,25,Febbraio,Domenica,Sera (18:00 - 23:59)
149,F,2024-02-23,11:53,Foggia,FG,Foggia,2024-02-26,23,Febbraio,Venerdì,Mattina (06:00 - 11:59)
150,F,2024-02-23,20:06,Foggia,FG,Foggia,2024-02-26,23,Febbraio,Venerdì,Sera (18:00 - 23:59)
151,M,2024-02-21,03:34,Foggia,FG,Foggia,2024-02-26,21,Febbraio,Mercoledì,Notte (00:00 - 05:59)
152,F,2024-02-24,13:10,Foggia,FG,Foggia,2024-02-27,24,Febbraio,Sabato,Pomeriggio (12:00 - 17:59)
153,F,2024-02-26,23:04,Foggia,FG,Foggia,2024-02-27,26,Febbraio,Lunedì,Sera (18:00 - 23:59)
154,M,2024-02-27,12:21,Foggia,FG,Foggia,2024-02-28,27,Febbraio,Martedì,Pomeriggio (12:00 - 17:59)
155,F,2024-02-28,13:17,Foggia,FG,Foggia,2024-02-29,28,Febbraio,Mercoledì,Pomeriggio (12:00 - 17:59)
156,M,2024-02-27,21:19,Foggia,FG,Foggia,2024-02-29,27,Febbraio,Martedì,Sera (18:00 - 23:59)
157,F,2024-02-28,21:16,Foggia,FG,Foggia,2024-02-29,28,Febbraio,Mercoledì,Sera (18:00 - 23:59)
158,F,2024-02-26,23:36,Foggia,FG,Foggia,2024-02-29,26,Febbraio,Lunedì,Sera (18:00 - 23:59)
159,M,2024-02-28,15:19,Foggia,FG,Foggia,2024-02-29,28,Febbraio,Mercoledì,Pomeriggio (12:00 - 17:59)
160,F,2024-02-26,18:55,Foggia,FG,Foggia,2024-02-29,26,Febbraio,Lunedì,Sera (18:00 - 23:59)
161,M,2024-02-29,01:26,Foggia,FG,Foggia,2024-02-29,29,Febbraio,Giovedì,Notte (00:00 - 05:59)
162,M,2024-02-28,14:13,Foggia,FG,Foggia,2024-02-29,28,Febbraio,Mercoledì,Pomeriggio (12:00 - 17:59)
163,M,2024-02-28,11:51,Foggia,FG,Foggia,2024-02-29,28,Febbraio,Mercoledì,Mattina (06:00 - 11:59)
164,F,2024-02-28,09:15,Foggia,FG,Foggia,2024-03-01,28,Febbraio,Mercoledì,Mattina (06:00 - 11:59)
165,F,2024-02-29,19:19,Foggia,FG,Foggia,2024-03-01,29,Febbraio,Giovedì,Sera (18:00 - 23:59)
166,F,2024-02-29,23:16,Foggia,FG,Foggia,2024-03-01,29,Febbraio,Giovedì,Sera (18:00 - 23:59)
167,F,2024-03-01,00:08,Foggia,FG,Foggia,2024-03-01,1,Marzo,Venerdì,Notte (00:00 - 05:59)
168,M,2024-02-27,14:16,Foggia,FG,Foggia,2024-03-01,27,Febbraio,Martedì,Pomeriggio (12:00 - 17:59)
169,F,2024-03-03,17:13,Foggia,FG,Foggia,2024-03-04,3,Marzo,Domenica,Pomeriggio (12:00 - 17:59)
170,M,2024-03-02,05:47,Foggia,FG,Foggia,2024-03-04,2,Marzo,Sabato,Notte (00:00 - 05:59)
171,M,2024-02-29,09:17,Foggia,FG,Foggia,2024-03-04,29,Febbraio,Giovedì,Mattina (06:00 - 11:59)
172,F,2024-03-02,12:45,Foggia,FG,Foggia,2024-03-04,2,Marzo,Sabato,Pomeriggio (12:00 - 17:59)
173,F,2024-03-03,14:57,Foggia,FG,Foggia,2024-03-04,3,Marzo,Domenica,Pomeriggio (12:00 - 17:59)
174,M,2024-03-01,14:02,Foggia,FG,Foggia,2024-03-04,1,Marzo,Venerdì,Pomeriggio (12:00 - 17:59)
175,F,2024-03-03,15:18,Foggia,FG,Foggia,2024-03-04,3,Marzo,Domenica,Pomeriggio (12:00 - 17:59)
176,F,2024-03-05,11:19,Foggia,FG,Foggia,2024-03-06,5,Marzo,Martedì,Mattina (06:00 - 11:59)
177,F,2024-03-05,09:56,Foggia,FG,Foggia,2024-03-06,5,Marzo,Martedì,Mattina (06:00 - 11:59)
178,M,2024-03-05,18:31,Foggia,FG,Foggia,2024-03-06,5,Marzo,Martedì,Sera (18:00 - 23:59)
179,F,2024-03-06,07:42,Foggia,FG,Foggia,2024-03-07,6,Marzo,Mercoledì,Mattina (06:00 - 11:59)
180,F,2024-03-04,17:10,Foggia,FG,Foggia,2024-03-07,4,Marzo,Lunedì,Pomeriggio (12:00 - 17:59)
181,M,2024-03-06,12:20,Foggia,FG,Foggia,2024-03-07,6,Marzo,Mercoledì,Pomeriggio (12:00 - 17:59)
182,M,2024-03-06,09:45,Foggia,FG,Foggia,2024-03-07,6,Marzo,Mercoledì,Mattina (06:00 - 11:59)
183,M,2024-03-05,10:52,San Severo,FG,Foggia,2024-03-07,5,Marzo,Martedì,Mattina (06:00 - 11:59)
184,M,2024-03-06,12:03,Foggia,FG,Foggia,2024-03-07,6,Marzo,Mercoledì,Pomeriggio (12:00 - 17:59)
185,F,2024-03-07,09:24,Foggia,FG,Foggia,2024-03-08,7,Marzo,Giovedì,Mattina (06:00 - 11:59)
186,M,2024-03-05,11:50,Foggia,FG,Foggia,2024-03-08,5,Marzo,Martedì,Mattina (06:00 - 11:59)
187,M,2024-03-08,11:12,Foggia,FG,Foggia,2024-03-11,8,Marzo,Venerdì,Mattina (06:00 - 11:59)
188,F,2024-03-08,22:10,Foggia,FG,Foggia,2024-03-11,8,Marzo,Venerdì,Sera (18:00 - 23:59)
189,F,2024-03-08,19:21,Foggia,FG,Foggia,2024-03-11,8,Marzo,Venerdì,Sera (18:00 - 23:59)
190,M,2024-03-08,12:24,Foggia,FG,Foggia,2024-03-12,8,Marzo,Venerdì,Pomeriggio (12:00 - 17:59)
191,M,2024-03-09,06:38,Foggia,FG,Foggia,2024-03-12,9,Marzo,Sabato,Mattina (06:00 - 11:59)
192,F,2024-03-11,01:15,Foggia,FG,Foggia,2024-03-13,11,Marzo,Lunedì,Notte (00:00 - 05:59)
193,M,2024-03-12,15:09,Foggia,FG,Foggia,2024-03-13,12,Marzo,Martedì,Pomeriggio (12:00 - 17:59)
194,M,2024-03-12,16:04,Foggia,FG,Foggia,2024-03-13,12,Marzo,Martedì,Pomeriggio (12:00 - 17:59)
195,M,2024-03-11,11:02,Foggia,FG,Foggia,2024-03-14,11,Marzo,Lunedì,Mattina (06:00 - 11:59)
196,M,2024-03-14,10:20,Foggia,FG,Foggia,2024-03-15,14,Marzo,Giovedì,Mattina (06:00 - 11:59)
197,M,2024-03-14,12:35,Foggia,FG,Foggia,2024-03-15,14,Marzo,Giovedì,Pomeriggio (12:00 - 17:59)
198,M,2024-03-17,12:05,Foggia,FG,Foggia,2024-03-18,17,Marzo,Domenica,Pomeriggio (12:00 - 17:59)
199,F,2024-03-16,19:52,Foggia,FG,Foggia,2024-03-18,16,Marzo,Sabato,Sera (18:00 - 23:59)
200,F,2024-03-16,23:33,Foggia,FG,Foggia,2024-03-18,16,Marzo,Sabato,Sera (18:00 - 23:59)
201,F,2024-03-17,08:47,Foggia,FG,Foggia,2024-03-18,17,Marzo,Domenica,Mattina (06:00 - 11:59)
202,F,2024-03-18,09:33,Foggia,FG,Foggia,2024-03-18,18,Marzo,Lunedì,Mattina (06:00 - 11:59)
203,F,2024-03-18,19:07,Foggia,FG,Foggia,2024-03-19,18,Marzo,Lunedì,Sera (18:00 - 23:59)
204,F,2024-03-16,10:14,Foggia,FG,Foggia,2024-03-19,16,Marzo,Sabato,Mattina (06:00 - 11:59)
205,M,2024-03-18,13:22,Foggia,FG,Foggia,2024-03-19,18,Marzo,Lunedì,Pomeriggio (12:00 - 17:59)
206,M,2024-03-18,11:57,Foggia,FG,Foggia,2024-03-19,18,Marzo,Lunedì,Mattina (06:00 - 11:59)
207,F,2024-03-18,19:49,Foggia,FG,Foggia,2024-03-20,18,Marzo,Lunedì,Sera (18:00 - 23:59)
208,M,2024-03-01,09:58,Roma,RM,Foggia,2024-03-20,1,Marzo,Venerdì,Mattina (06:00 - 11:59)
209,F,2024-03-17,12:42,Foggia,FG,Foggia,2024-03-20,17,Marzo,Domenica,Pomeriggio (12:00 - 17:59)
210,F,2024-03-19,17:51,Foggia,FG,Foggia,2024-03-20,19,Marzo,Martedì,Pomeriggio (12:00 - 17:59)
211,F,2024-03-19,14:31,Foggia,FG,Foggia,2024-03-20,19,Marzo,Martedì,Pomeriggio (12:00 - 17:59)
212,M,2024-03-20,09:53,Foggia,FG,Foggia,2024-03-21,20,Marzo,Mercoledì,Mattina (06:00 - 11:59)
213,F,2024-03-20,16:04,Foggia,FG,Foggia,2024-03-21,20,Marzo,Mercoledì,Pomeriggio (12:00 - 17:59)
214,M,2024-03-20,09:44,Foggia,FG,Foggia,2024-03-21,20,Marzo,Mercoledì,Mattina (06:00 - 11:59)
215,F,2024-03-20,04:27,Foggia,FG,Foggia,2024-03-21,20,Marzo,Mercoledì,Notte (00:00 - 05:59)
216,F,2024-03-20,19:14,Foggia,FG,Foggia,2024-03-21,20,Marzo,Mercoledì,Sera (18:00 - 23:59)
217,F,2024-03-20,10:42,Foggia,FG,Foggia,2024-03-21,20,Marzo,Mercoledì,Mattina (06:00 - 11:59)
218,F,2024-03-21,11:07,Foggia,FG,Foggia,2024-03-25,21,Marzo,Giovedì,Mattina (06:00 - 11:59)
219,F,2024-03-21,14:13,Foggia,FG,Foggia,2024-03-25,21,Marzo,Giovedì,Pomeriggio (12:00 - 17:59)
220,F,2024-03-21,11:08,Foggia,FG,Foggia,2024-03-25,21,Marzo,Giovedì,Mattina (06:00 - 11:59)
221,F,2024-03-22,11:37,Foggia,FG,Foggia,2024-03-25,22,Marzo,Venerdì,Mattina (06:00 - 11:59)
222,F,2024-03-22,12:40,Foggia,FG,Foggia,2024-03-25,22,Marzo,Venerdì,Pomeriggio (12:00 - 17:59)
223,M,2024-03-21,12:43,Foggia,FG,Foggia,2024-03-25,21,Marzo,Giovedì,Pomeriggio (12:00 - 17:59)
224,F,2024-03-21,18:57,Foggia,FG,Foggia,2024-03-25,21,Marzo,Giovedì,Sera (18:00 - 23:59)
225,M,2024-03-22,11:00,Foggia,FG,Foggia,2024-03-25,22,Marzo,Venerdì,Mattina (06:00 - 11:59)
226,M,2024-03-26,12:31,Foggia,FG,Foggia,2024-03-27,26,Marzo,Martedì,Pomeriggio (12:00 - 17:59)
227,M,2024-03-27,01:21,Foggia,FG,Foggia,2024-03-27,27,Marzo,Mercoledì,Notte (00:00 - 05:59)
228,F,2024-03-27,16:33,Foggia,FG,Foggia,2024-03-28,27,Marzo,Mercoledì,Pomeriggio (12:00 - 17:59)
229,M,2024-03-27,22:14,Foggia,FG,Foggia,2024-03-29,27,Marzo,Mercoledì,Sera (18:00 - 23:59)
230,M,2024-03-27,17:02,Foggia,FG,Foggia,2024-03-29,27,Marzo,Mercoledì,Pomeriggio (12:00 - 17:59)
231,F,2024-03-26,09:44,Foggia,FG,Foggia,2024-03-29,26,Marzo,Martedì,Mattina (06:00 - 11:59)
232,F,2024-03-28,13:06,Foggia,FG,Foggia,2024-03-29,28,Marzo,Giovedì,Pomeriggio (12:00 - 17:59)
233,F,2024-03-30,13:49,Foggia,FG,Foggia,2024-04-02,30,Marzo,Sabato,Pomeriggio (12:00 - 17:59)
234,M,2024-04-02,10:11,Foggia,FG,Foggia,2024-04-02,2,Aprile,Martedì,Mattina (06:00 - 11:59)
235,F,2024-04-02,07:40,Foggia,FG,Foggia,2024-04-02,2,Aprile,Martedì,Mattina (06:00 - 11:59)
236,F,2024-04-01,08:56,Foggia,FG,Foggia,2024-04-02,1,Aprile,Lunedì,Mattina (06:00 - 11:59)
237,M,2024-03-30,17:40,Foggia,FG,Foggia,2024-04-02,30,Marzo,Sabato,Pomeriggio (12:00 - 17:59)
238,F,2024-03-29,12:08,Foggia,FG,Foggia,2024-04-02,29,Marzo,Venerdì,Pomeriggio (12:00 - 17:59)
239,F,2024-04-02,11:45,Foggia,FG,Foggia,2024-04-03,2,Aprile,Martedì,Mattina (06:00 - 11:59)
240,F,2024-04-04,07:12,Foggia,FG,Foggia,2024-04-04,4,Aprile,Giovedì,Mattina (06:00 - 11:59)
241,F,2024-04-03,18:57,Foggia,FG,Foggia,2024-04-04,3,Aprile,Mercoledì,Sera (18:00 - 23:59)
242,M,2024-04-04,04:29,Foggia,FG,Foggia,2024-04-04,4,Aprile,Giovedì,Notte (00:00 - 05:59)
243,M,2024-04-04,14:00,Foggia,FG,Foggia,2024-04-05,4,Aprile,Giovedì,Pomeriggio (12:00 - 17:59)
244,M,2024-04-05,02:53,Foggia,FG,Foggia,2024-04-05,5,Aprile,Venerdì,Notte (00:00 - 05:59)
245,F,2024-03-28,17:25,Foggia,FG,Foggia,2024-04-05,28,Marzo,Giovedì,Pomeriggio (12:00 - 17:59)
246,M,2024-04-06,18:28,Foggia,FG,Foggia,2024-04-08,6,Aprile,Sabato,Sera (18:00 - 23:59)
247,M,2024-04-07,00:35,Foggia,FG,Foggia,2024-04-08,7,Aprile,Domenica,Notte (00:00 - 05:59)
248,F,2024-04-05,15:37,Foggia,FG,Foggia,2024-04-08,5,Aprile,Venerdì,Pomeriggio (12:00 - 17:59)
249,M,2024-04-05,05:22,Foggia,FG,Foggia,2024-04-08,5,Aprile,Venerdì,Notte (00:00 - 05:59)
250,M,2024-04-07,14:34,Foggia,FG,Foggia,2024-04-10,7,Aprile,Domenica,Pomeriggio (12:00 - 17:59)
251,F,2024-04-10,10:16,Foggia,FG,Foggia,2024-04-10,10,Aprile,Mercoledì,Mattina (06:00 - 11:59)
252,M,2024-04-10,06:08,Foggia,FG,Foggia,2024-04-10,10,Aprile,Mercoledì,Mattina (06:00 - 11:59)
253,M,2024-04-03,09:52,Bari,BA,Foggia,2024-04-11,3,Aprile,Mercoledì,Mattina (06:00 - 11:59)
254,F,2024-04-06,16:10,Benevento,BN,Foggia,2024-04-11,6,Aprile,Sabato,Pomeriggio (12:00 - 17:59)
255,M,2024-04-09,09:33,Foggia,FG,Foggia,2024-04-11,9,Aprile,Martedì,Mattina (06:00 - 11:59)
256,M,2024-04-08,14:37,Foggia,FG,Foggia,2024-04-11,8,Aprile,Lunedì,Pomeriggio (12:00 - 17:59)
257,M,2024-04-10,16:22,Foggia,FG,Foggia,2024-04-12,10,Aprile,Mercoledì,Pomeriggio (12:00 - 17:59)
258,M,2024-04-12,07:50,Foggia,FG,Foggia,2024-04-12,12,Aprile,Venerdì,Mattina (06:00 - 11:59)
259,M,2024-04-11,09:19,Foggia,FG,Foggia,2024-04-12,11,Aprile,Giovedì,Mattina (06:00 - 11:59)
260,M,2024-04-12,10:38,Foggia,FG,Foggia,2024-04-15,12,Aprile,Venerdì,Mattina (06:00 - 11:59)
261,F,2024-04-11,09:17,Foggia,FG,Foggia,2024-04-15,11,Aprile,Giovedì,Mattina (06:00 - 11:59)
262,M,2024-04-15,10:10,Foggia,FG,Foggia,2024-04-15,15,Aprile,Lunedì,Mattina (06:00 - 11:59)
263,F,2024-04-13,16:09,Foggia,FG,Foggia,2024-04-15,13,Aprile,Sabato,Pomeriggio (12:00 - 17:59)
264,M,2024-04-12,19:15,Foggia,FG,Foggia,2024-04-15,12,Aprile,Venerdì,Sera (18:00 - 23:59)
265,M,2024-04-12,17:31,Foggia,FG,Foggia,2024-04-15,12,Aprile,Venerdì,Pomeriggio (12:00 - 17:59)
266,M,2024-04-11,11:12,Foggia,FG,Foggia,2024-04-15,11,Aprile,Giovedì,Mattina (06:00 - 11:59)
267,F,2024-04-12,13:21,Foggia,FG,Foggia,2024-04-15,12,Aprile,Venerdì,Pomeriggio (12:00 - 17:59)
268,F,2024-04-13,19:10,Foggia,FG,Foggia,2024-04-15,13,Aprile,Sabato,Sera (18:00 - 23:59)
269,M,2024-04-13,07:20,Foggia,FG,Foggia,2024-04-16,13,Aprile,Sabato,Mattina (06:00 - 11:59)
270,F,2024-04-13,04:13,Foggia,FG,Foggia,2024-04-16,13,Aprile,Sabato,Notte (00:00 - 05:59)
271,M,2024-04-13,09:01,Foggia,FG,Foggia,2024-04-16,13,Aprile,Sabato,Mattina (06:00 - 11:59)
272,F,2024-04-16,00:00,Foggia,FG,Foggia,2024-04-16,16,Aprile,Martedì,Notte (00:00 - 05:59)
273,F,2024-04-16,19:39,Foggia,FG,Foggia,2024-04-17,16,Aprile,Martedì,Sera (18:00 - 23:59)
274,M,2024-04-16,10:13,Foggia,FG,Foggia,2024-04-17,16,Aprile,Martedì,Mattina (06:00 - 11:59)
275,F,2024-04-18,10:43,Foggia,FG,Foggia,2024-04-18,18,Aprile,Giovedì,Mattina (06:00 - 11:59)
276,M,2024-04-18,17:32,Foggia,FG,Foggia,2024-04-19,18,Aprile,Giovedì,Pomeriggio (12:00 - 17:59)
277,F,2024-04-18,15:38,Foggia,FG,Foggia,2024-04-19,18,Aprile,Giovedì,Pomeriggio (12:00 - 17:59)
278,M,2024-04-17,13:15,Foggia,FG,Foggia,2024-04-19,17,Aprile,Mercoledì,Pomeriggio (12:00 - 17:59)
279,M,2024-04-19,17:07,Foggia,FG,Foggia,2024-04-22,19,Aprile,Venerdì,Pomeriggio (12:00 - 17:59)
280,F,2024-04-20,20:20,Foggia,FG,Foggia,2024-04-22,20,Aprile,Sabato,Sera (18:00 - 23:59)
281,M,2024-04-20,08:10,Foggia,FG,Foggia,2024-04-22,20,Aprile,Sabato,Mattina (06:00 - 11:59)
282,F,2024-04-17,15:11,Foggia,FG,Foggia,2024-04-22,17,Aprile,Mercoledì,Pomeriggio (12:00 - 17:59)
283,F,2024-04-22,08:19,Foggia,FG,Foggia,2024-04-22,22,Aprile,Lunedì,Mattina (06:00 - 11:59)
284,F,2024-04-21,00:24,Foggia,FG,Foggia,2024-04-22,21,Aprile,Domenica,Notte (00:00 - 05:59)
285,F,2024-04-17,13:57,Foggia,FG,Foggia,2024-04-22,17,Aprile,Mercoledì,Pomeriggio (12:00 - 17:59)
286,F,2024-04-22,15:10,Foggia,FG,Foggia,2024-04-24,22,Aprile,Lunedì,Pomeriggio (12:00 - 17:59)
287,F,2024-04-23,22:55,Foggia,FG,Foggia,2024-04-26,23,Aprile,Martedì,Sera (18:00 - 23:59)
288,M,2024-04-23,11:13,Foggia,FG,Foggia,2024-04-26,23,Aprile,Martedì,Mattina (06:00 - 11:59)
289,M,2024-04-23,09:23,Roma,RM,Foggia,2024-04-29,23,Aprile,Martedì,Mattina (06:00 - 11:59)
290,F,2024-04-26,01:36,Foggia,FG,Foggia,2024-04-29,26,Aprile,Venerdì,Notte (00:00 - 05:59)
291,M,2024-04-27,11:06,Foggia,FG,Foggia,2024-04-29,27,Aprile,Sabato,Mattina (06:00 - 11:59)
292,M,2024-04-29,07:36,Foggia,FG,Foggia,2024-04-29,29,Aprile,Lunedì,Mattina (06:00 - 11:59)
293,F,2024-04-28,18:42,Foggia,FG,Foggia,2024-04-29,28,Aprile,Domenica,Sera (18:00 - 23:59)
294,M,2024-04-27,10:07,Foggia,FG,Foggia,2024-04-29,27,Aprile,Sabato,Mattina (06:00 - 11:59)
295,M,2024-04-30,09:32,Foggia,FG,Foggia,2024-04-30,30,Aprile,Martedì,Mattina (06:00 - 11:59)
296,M,2024-04-29,15:04,Foggia,FG,Foggia,2024-04-30,29,Aprile,Lunedì,Pomeriggio (12:00 - 17:59)
297,F,2024-04-29,18:43,Foggia,FG,Foggia,2024-04-30,29,Aprile,Lunedì,Sera (18:00 - 23:59)
298,F,2024-04-30,12:41,Foggia,FG,Foggia,2024-05-02,30,Aprile,Martedì,Pomeriggio (12:00 - 17:59)
299,F,2024-04-30,18:33,Foggia,FG,Foggia,2024-05-02,30,Aprile,Martedì,Sera (18:00 - 23:59)
300,F,2024-05-02,01:37,Foggia,FG,Foggia,2024-05-03,2,Maggio,Giovedì,Notte (00:00 - 05:59)
301,M,2024-05-03,03:42,Foggia,FG,Foggia,2024-05-06,3,Maggio,Venerdì,Notte (00:00 - 05:59)
302,M,2024-05-05,14:49,Foggia,FG,Foggia,2024-05-06,5,Maggio,Domenica,Pomeriggio (12:00 - 17:59)
303,F,2024-05-04,21:16,Foggia,FG,Foggia,2024-05-06,4,Maggio,Sabato,Sera (18:00 - 23:59)
304,M,2024-05-04,17:24,Foggia,FG,Foggia,2024-05-06,4,Maggio,Sabato,Pomeriggio (12:00 - 17:59)
305,F,2024-05-06,00:42,Foggia,FG,Foggia,2024-05-07,6,Maggio,Lunedì,Notte (00:00 - 05:59)
306,F,2024-05-05,08:26,Melfi,PZ,Foggia,2024-05-08,5,Maggio,Domenica,Mattina (06:00 - 11:59)
307,F,2024-05-08,08:05,Foggia,FG,Foggia,2024-05-09,8,Maggio,Mercoledì,Mattina (06:00 - 11:59)
308,F,2024-05-06,11:51,Foggia,FG,Foggia,2024-05-09,6,Maggio,Lunedì,Mattina (06:00 - 11:59)
309,M,2024-05-06,22:36,Foggia,FG,Foggia,2024-05-09,6,Maggio,Lunedì,Sera (18:00 - 23:59)
310,M,2024-05-07,15:55,Foggia,FG,Foggia,2024-05-10,7,Maggio,Martedì,Pomeriggio (12:00 - 17:59)
311,F,2024-05-08,10:37,Foggia,FG,Foggia,2024-05-10,8,Maggio,Mercoledì,Mattina (06:00 - 11:59)
312,M,2024-05-09,21:04,Foggia,FG,Foggia,2024-05-10,9,Maggio,Giovedì,Sera (18:00 - 23:59)
313,F,2024-05-09,20:51,Foggia,FG,Foggia,2024-05-10,9,Maggio,Giovedì,Sera (18:00 - 23:59)
314,F,2024-05-09,20:51,Foggia,FG,Foggia,2024-05-10,9,Maggio,Giovedì,Sera (18:00 - 23:59)
315,F,2024-05-10,10:26,Foggia,FG,Foggia,2024-05-13,10,Maggio,Venerdì,Mattina (06:00 - 11:59)
316,M,2024-05-11,19:11,Foggia,FG,Foggia,2024-05-13,11,Maggio,Sabato,Sera (18:00 - 23:59)
317,F,2024-05-11,18:20,Foggia,FG,Foggia,2024-05-13,11,Maggio,Sabato,Sera (18:00 - 23:59)
318,F,2024-05-10,15:50,Foggia,FG,Foggia,2024-05-13,10,Maggio,Venerdì,Pomeriggio (12:00 - 17:59)
319,M,2024-05-10,18:27,Foggia,FG,Foggia,2024-05-13,10,Maggio,Venerdì,Sera (18:00 - 23:59)
320,F,2024-05-13,17:03,Foggia,FG,Foggia,2024-05-14,13,Maggio,Lunedì,Pomeriggio (12:00 - 17:59)
321,F,2024-05-14,13:50,Foggia,FG,Foggia,2024-05-15,14,Maggio,Martedì,Pomeriggio (12:00 - 17:59)
322,M,2024-05-14,15:53,Foggia,FG,Foggia,2024-05-15,14,Maggio,Martedì,Pomeriggio (12:00 - 17:59)
323,F,2024-05-14,13:48,Foggia,FG,Foggia,2024-05-15,14,Maggio,Martedì,Pomeriggio (12:00 - 17:59)
324,M,2024-05-14,16:42,Foggia,FG,Foggia,2024-05-16,14,Maggio,Martedì,Pomeriggio (12:00 - 17:59)
325,M,2024-05-17,11:14,Foggia,FG,Foggia,2024-05-17,17,Maggio,Venerdì,Mattina (06:00 - 11:59)
326,F,2024-05-15,15:25,Foggia,FG,Foggia,2024-05-17,15,Maggio,Mercoledì,Pomeriggio (12:00 - 17:59)
327,F,2024-05-15,12:51,Foggia,FG,Foggia,2024-05-17,15,Maggio,Mercoledì,Pomeriggio (12:00 - 17:59)
328,F,2024-05-18,15:43,Foggia,FG,Foggia,2024-05-20,18,Maggio,Sabato,Pomeriggio (12:00 - 17:59)
329,F,2024-05-17,06:47,Foggia,FG,Foggia,2024-05-20,17,Maggio,Venerdì,Mattina (06:00 - 11:59)
330,M,2024-05-19,12:00,Foggia,FG,Foggia,2024-05-20,19,Maggio,Domenica,Pomeriggio (12:00 - 17:59)
331,F,2024-05-18,21:48,Foggia,FG,Foggia,2024-05-20,18,Maggio,Sabato,Sera (18:00 - 23:59)
332,F,2024-05-20,14:49,Foggia,FG,Foggia,2024-05-21,20,Maggio,Lunedì,Pomeriggio (12:00 - 17:59)
333,M,2024-05-20,04:48,Foggia,FG,Foggia,2024-05-21,20,Maggio,Lunedì,Notte (00:00 - 05:59)
334,M,2024-05-20,13:11,San Severo,FG,Foggia,2024-05-21,20,Maggio,Lunedì,Pomeriggio (12:00 - 17:59)
335,F,2024-05-21,00:09,Foggia,FG,Foggia,2024-05-21,21,Maggio,Martedì,Notte (00:00 - 05:59)
336,F,2024-05-18,20:25,Foggia,FG,Foggia,2024-05-22,18,Maggio,Sabato,Sera (18:00 - 23:59)
337,M,2024-05-20,12:00,Foggia,FG,Foggia,2024-05-23,20,Maggio,Lunedì,Pomeriggio (12:00 - 17:59)
338,M,2024-05-20,09:36,Foggia,FG,Foggia,2024-05-23,20,Maggio,Lunedì,Mattina (06:00 - 11:59)
339,F,2024-05-23,16:11,Foggia,FG,Foggia,2024-05-24,23,Maggio,Giovedì,Pomeriggio (12:00 - 17:59)
340,F,2024-05-22,07:37,Foggia,FG,Foggia,2024-05-24,22,Maggio,Mercoledì,Mattina (06:00 - 11:59)
341,M,2024-05-24,10:43,Foggia,FG,Foggia,2024-05-27,24,Maggio,Venerdì,Mattina (06:00 - 11:59)
342,F,2024-05-26,09:03,Foggia,FG,Foggia,2024-05-27,26,Maggio,Domenica,Mattina (06:00 - 11:59)
343,M,2024-05-24,09:41,Foggia,FG,Foggia,2024-05-27,24,Maggio,Venerdì,Mattina (06:00 - 11:59)
344,M,2024-05-29,19:11,Foggia,FG,Foggia,2024-05-30,29,Maggio,Mercoledì,Sera (18:00 - 23:59)
345,F,2024-05-31,02:45,Foggia,FG,Foggia,2024-05-31,31,Maggio,Venerdì,Notte (00:00 - 05:59)
346,M,2024-06-03,09:51,Foggia,FG,Foggia,2024-06-03,3,Giugno,Lunedì,Mattina (06:00 - 11:59)
347,F,2024-06-01,07:39,Foggia,FG,Foggia,2024-06-03,1,Giugno,Sabato,Mattina (06:00 - 11:59)
348,M,2024-06-01,10:53,San Severo,FG,Foggia,2024-06-03,1,Giugno,Sabato,Mattina (06:00 - 11:59)
349,M,2024-06-03,18:05,Foggia,FG,Foggia,2024-06-04,3,Giugno,Lunedì,Sera (18:00 - 23:59)
350,M,2024-06-04,11:02,Foggia,FG,Foggia,2024-06-04,4,Giugno,Martedì,Mattina (06:00 - 11:59)
351,M,2024-06-01,17:44,San Severo,FG,Foggia,2024-06-04,1,Giugno,Sabato,Pomeriggio (12:00 - 17:59)
352,M,2024-06-03,14:48,Foggia,FG,Foggia,2024-06-04,3,Giugno,Lunedì,Pomeriggio (12:00 - 17:59)
353,F,2024-06-03,18:55,Foggia,FG,Foggia,2024-06-05,3,Giugno,Lunedì,Sera (18:00 - 23:59)
354,F,2024-06-05,11:16,Foggia,FG,Foggia,2024-06-05,5,Giugno,Mercoledì,Mattina (06:00 - 11:59)
355,M,2024-06-03,16:53,Foggia,FG,Foggia,2024-06-05,3,Giugno,Lunedì,Pomeriggio (12:00 - 17:59)
356,M,2024-06-04,16:51,Foggia,FG,Foggia,2024-06-06,4,Giugno,Martedì,Pomeriggio (12:00 - 17:59)
357,M,2024-06-05,16:11,Foggia,FG,Foggia,2024-06-06,5,Giugno,Mercoledì,Pomeriggio (12:00 - 17:59)
358,F,2024-06-06,09:21,Foggia,FG,Foggia,2024-06-07,6,Giugno,Giovedì,Mattina (06:00 - 11:59)
359,M,2024-06-06,12:25,Foggia,FG,Foggia,2024-06-07,6,Giugno,Giovedì,Pomeriggio (12:00 - 17:59)
360,F,2024-06-06,11:13,Foggia,FG,Foggia,2024-06-07,6,Giugno,Giovedì,Mattina (06:00 - 11:59)
361,F,2024-06-09,11:25,Foggia,FG,Foggia,2024-06-10,9,Giugno,Domenica,Mattina (06:00 - 11:59)
362,M,2024-06-10,05:33,Foggia,FG,Foggia,2024-06-10,10,Giugno,Lunedì,Notte (00:00 - 05:59)
363,F,2024-06-08,11:05,Foggia,FG,Foggia,2024-06-10,8,Giugno,Sabato,Mattina (06:00 - 11:59)
364,M,2024-06-07,08:17,Foggia,FG,Foggia,2024-06-10,7,Giugno,Venerdì,Mattina (06:00 - 11:59)
365,F,2024-06-10,10:13,Foggia,FG,Foggia,2024-06-10,10,Giugno,Lunedì,Mattina (06:00 - 11:59)
366,F,2024-06-10,10:14,Foggia,FG,Foggia,2024-06-10,10,Giugno,Lunedì,Mattina (06:00 - 11:59)
367,M,2024-06-10,19:31,Foggia,FG,Foggia,2024-06-11,10,Giugno,Lunedì,Sera (18:00 - 23:59)
368,M,2024-06-11,12:20,Foggia,FG,Foggia,2024-06-12,11,Giugno,Martedì,Pomeriggio (12:00 - 17:59)
369,F,2024-06-11,04:06,Foggia,FG,Foggia,2024-06-13,11,Giugno,Martedì,Notte (00:00 - 05:59)
370,M,2024-06-12,18:38,Foggia,FG,Foggia,2024-06-13,12,Giugno,Mercoledì,Sera (18:00 - 23:59)
371,F,2024-06-11,23:19,Foggia,FG,Foggia,2024-06-13,11,Giugno,Martedì,Sera (18:00 - 23:59)
372,F,2024-06-14,04:14,Foggia,FG,Foggia,2024-06-14,14,Giugno,Venerdì,Notte (00:00 - 05:59)
373,F,2024-06-12,21:09,Foggia,FG,Foggia,2024-06-14,12,Giugno,Mercoledì,Sera (18:00 - 23:59)
374,M,2024-06-14,09:20,Foggia,FG,Foggia,2024-06-14,14,Giugno,Venerdì,Mattina (06:00 - 11:59)
375,M,2024-06-15,14:02,Foggia,FG,Foggia,2024-06-17,15,Giugno,Sabato,Pomeriggio (12:00 - 17:59)
376,M,2024-06-16,11:21,Foggia,FG,Foggia,2024-06-17,16,Giugno,Domenica,Mattina (06:00 - 11:59)
377,F,2024-06-16,01:20,Foggia,FG,Foggia,2024-06-17,16,Giugno,Domenica,Notte (00:00 - 05:59)
378,F,2024-06-15,10:20,Foggia,FG,Foggia,2024-06-17,15,Giugno,Sabato,Mattina (06:00 - 11:59)
379,M,2024-06-18,06:20,Foggia,FG,Foggia,2024-06-18,18,Giugno,Martedì,Mattina (06:00 - 11:59)
380,M,2024-06-18,03:04,Foggia,FG,Foggia,2024-06-18,18,Giugno,Martedì,Notte (00:00 - 05:59)
381,F,2024-06-18,08:57,Foggia,FG,Foggia,2024-06-18,18,Giugno,Martedì,Mattina (06:00 - 11:59)
382,F,2024-06-19,00:09,Foggia,FG,Foggia,2024-06-19,19,Giugno,Mercoledì,Notte (00:00 - 05:59)
383,F,2024-06-20,12:53,Foggia,FG,Foggia,2024-06-21,20,Giugno,Giovedì,Pomeriggio (12:00 - 17:59)
384,M,2024-06-18,16:00,Foggia,FG,Foggia,2024-06-21,18,Giugno,Martedì,Pomeriggio (12:00 - 17:59)
385,M,2024-06-23,16:44,Foggia,FG,Foggia,2024-06-24,23,Giugno,Domenica,Pomeriggio (12:00 - 17:59)
386,F,2024-06-22,10:33,Foggia,FG,Foggia,2024-06-24,22,Giugno,Sabato,Mattina (06:00 - 11:59)
387,M,2024-06-21,10:57,Foggia,FG,Foggia,2024-06-24,21,Giugno,Venerdì,Mattina (06:00 - 11:59)
388,F,2024-06-21,12:52,Foggia,FG,Foggia,2024-06-24,21,Giugno,Venerdì,Pomeriggio (12:00 - 17:59)
389,M,2024-06-22,03:28,Foggia,FG,Foggia,2024-06-24,22,Giugno,Sabato,Notte (00:00 - 05:59)
390,F,2024-06-23,14:59,Foggia,FG,Foggia,2024-06-24,23,Giugno,Domenica,Pomeriggio (12:00 - 17:59)
391,F,2024-06-24,10:49,Foggia,FG,Foggia,2024-06-25,24,Giugno,Lunedì,Mattina (06:00 - 11:59)
392,F,2024-06-24,10:52,Foggia,FG,Foggia,2024-06-25,24,Giugno,Lunedì,Mattina (06:00 - 11:59)
393,M,2024-06-24,10:36,Foggia,FG,Foggia,2024-06-25,24,Giugno,Lunedì,Mattina (06:00 - 11:59)
394,F,2024-06-25,19:50,Foggia,FG,Foggia,2024-06-26,25,Giugno,Martedì,Sera (18:00 - 23:59)
395,M,2024-06-25,10:32,Foggia,FG,Foggia,2024-06-26,25,Giugno,Martedì,Mattina (06:00 - 11:59)
396,F,2024-06-25,16:07,Foggia,FG,Foggia,2024-06-26,25,Giugno,Martedì,Pomeriggio (12:00 - 17:59)
397,F,2024-06-22,17:49,Foggia,FG,Foggia,2024-06-26,22,Giugno,Sabato,Pomeriggio (12:00 - 17:59)
398,F,2024-06-26,21:43,Foggia,FG,Foggia,2024-06-28,26,Giugno,Mercoledì,Sera (18:00 - 23:59)
399,F,2024-06-27,07:54,Foggia,FG,Foggia,2024-07-01,27,Giugno,Giovedì,Mattina (06:00 - 11:59)
400,M,2024-06-27,21:48,Foggia,FG,Foggia,2024-07-01,27,Giugno,Giovedì,Sera (18:00 - 23:59)
401,F,2024-07-01,09:30,Foggia,FG,Foggia,2024-07-01,1,Luglio,Lunedì,Mattina (06:00 - 11:59)
402,F,2024-06-27,09:37,Foggia,FG,Foggia,2024-07-01,27,Giugno,Giovedì,Mattina (06:00 - 11:59)
403,M,2024-07-01,00:08,Foggia,FG,Foggia,2024-07-01,1,Luglio,Lunedì,Notte (00:00 - 05:59)
404,M,2024-06-28,17:57,Foggia,FG,Foggia,2024-07-01,28,Giugno,Venerdì,Pomeriggio (12:00 - 17:59)
405,M,2024-07-01,12:53,Foggia,FG,Foggia,2024-07-02,1,Luglio,Lunedì,Pomeriggio (12:00 - 17:59)
406,F,2024-06-30,08:29,Foggia,FG,Foggia,2024-07-02,30,Giugno,Domenica,Mattina (06:00 - 11:59)
407,F,2024-07-01,14:41,Foggia,FG,Foggia,2024-07-02,1,Luglio,Lunedì,Pomeriggio (12:00 - 17:59)
408,F,2024-06-30,01:26,Foggia,FG,Foggia,2024-07-02,30,Giugno,Domenica,Notte (00:00 - 05:59)
409,F,2024-07-01,22:03,Foggia,FG,Foggia,2024-07-03,1,Luglio,Lunedì,Sera (18:00 - 23:59)
410,M,2024-07-03,09:51,Foggia,FG,Foggia,2024-07-03,3,Luglio,Mercoledì,Mattina (06:00 - 11:59)
411,F,2024-07-02,18:06,Foggia,FG,Foggia,2024-07-05,2,Luglio,Martedì,Sera (18:00 - 23:59)
412,F,2024-07-05,07:58,Foggia,FG,Foggia,2024-07-05,5,Luglio,Venerdì,Mattina (06:00 - 11:59)
413,F,2024-07-02,11:18,San Giovanni Rotondo,FG,Foggia,2024-07-05,2,Luglio,Martedì,Mattina (06:00 - 11:59)
414,F,2024-07-06,07:09,Foggia,FG,Foggia,2024-07-08,6,Luglio,Sabato,Mattina (06:00 - 11:59)
415,M,2024-07-06,07:09,Foggia,FG,Foggia,2024-07-08,6,Luglio,Sabato,Mattina (06:00 - 11:59)
416,M,2024-07-04,12:50,Foggia,FG,Foggia,2024-07-08,4,Luglio,Giovedì,Pomeriggio (12:00 - 17:59)
417,M,2024-07-07,00:54,Foggia,FG,Foggia,2024-07-09,7,Luglio,Domenica,Notte (00:00 - 05:59)
418,M,2024-07-08,03:39,Foggia,FG,Foggia,2024-07-09,8,Luglio,Lunedì,Notte (00:00 - 05:59)
419,M,2024-07-09,23:56,Foggia,FG,Foggia,2024-07-10,9,Luglio,Martedì,Sera (18:00 - 23:59)
420,M,2024-07-10,01:00,Foggia,FG,Foggia,2024-07-10,10,Luglio,Mercoledì,Notte (00:00 - 05:59)
421,M,2024-07-09,18:43,Foggia,FG,Foggia,2024-07-10,9,Luglio,Martedì,Sera (18:00 - 23:59)
422,M,2024-07-10,16:43,Foggia,FG,Foggia,2024-07-11,10,Luglio,Mercoledì,Pomeriggio (12:00 - 17:59)
423,M,2024-07-10,03:46,Castel Volturno,CE,Foggia,2024-07-11,10,Luglio,Mercoledì,Notte (00:00 - 05:59)
424,F,2024-07-11,11:59,Foggia,FG,Foggia,2024-07-12,11,Luglio,Giovedì,Mattina (06:00 - 11:59)
425,M,2024-07-10,04:22,Foggia,FG,Foggia,2024-07-12,10,Luglio,Mercoledì,Notte (00:00 - 05:59)
426,M,2024-07-10,09:31,Foggia,FG,Foggia,2024-07-12,10,Luglio,Mercoledì,Mattina (06:00 - 11:59)
427,F,2024-07-10,02:15,Foggia,FG,Foggia,2024-07-12,10,Luglio,Mercoledì,Notte (00:00 - 05:59)
428,F,2024-07-11,15:53,Foggia,FG,Foggia,2024-07-12,11,Luglio,Giovedì,Pomeriggio (12:00 - 17:59)
429,F,2024-07-14,09:41,Foggia,FG,Foggia,2024-07-15,14,Luglio,Domenica,Mattina (06:00 - 11:59)
430,M,2024-07-15,09:15,Foggia,FG,Foggia,2024-07-15,15,Luglio,Lunedì,Mattina (06:00 - 11:59)
431,F,2024-07-13,11:55,Foggia,FG,Foggia,2024-07-15,13,Luglio,Sabato,Mattina (06:00 - 11:59)
432,M,2024-07-14,11:55,Foggia,FG,Foggia,2024-07-17,14,Luglio,Domenica,Mattina (06:00 - 11:59)
433,F,2024-07-15,16:15,Foggia,FG,Foggia,2024-07-17,15,Luglio,Lunedì,Pomeriggio (12:00 - 17:59)
434,M,2024-07-16,15:57,Foggia,FG,Foggia,2024-07-18,16,Luglio,Martedì,Pomeriggio (12:00 - 17:59)
435,M,2024-07-16,11:43,Foggia,FG,Foggia,2024-07-18,16,Luglio,Martedì,Mattina (06:00 - 11:59)
436,F,2024-07-18,09:13,Foggia,FG,Foggia,2024-07-18,18,Luglio,Giovedì,Mattina (06:00 - 11:59)
437,M,2024-07-19,11:27,Foggia,FG,Foggia,2024-07-22,19,Luglio,Venerdì,Mattina (06:00 - 11:59)
438,M,2024-07-20,17:09,Foggia,FG,Foggia,2024-07-22,20,Luglio,Sabato,Pomeriggio (12:00 - 17:59)
439,M,2024-07-19,22:18,Foggia,FG,Foggia,2024-07-22,19,Luglio,Venerdì,Sera (18:00 - 23:59)
440,F,2024-07-18,02:34,Foggia,FG,Foggia,2024-07-22,18,Luglio,Giovedì,Notte (00:00 - 05:59)
441,F,2024-07-22,05:44,Foggia,FG,Foggia,2024-07-22,22,Luglio,Lunedì,Notte (00:00 - 05:59)
442,M,2024-07-24,09:52,Foggia,FG,Foggia,2024-07-25,24,Luglio,Mercoledì,Mattina (06:00 - 11:59)
443,M,2024-07-23,10:09,Foggia,FG,Foggia,2024-07-25,23,Luglio,Martedì,Mattina (06:00 - 11:59)
444,M,2024-07-25,13:00,Foggia,FG,Foggia,2024-07-26,25,Luglio,Giovedì,Pomeriggio (12:00 - 17:59)
445,F,2024-07-25,17:56,Foggia,FG,Foggia,2024-07-26,25,Luglio,Giovedì,Pomeriggio (12:00 - 17:59)
446,F,2024-07-29,09:09,Foggia,FG,Foggia,2024-07-29,29,Luglio,Lunedì,Mattina (06:00 - 11:59)
447,F,2024-07-27,18:20,Foggia,FG,Foggia,2024-07-29,27,Luglio,Sabato,Sera (18:00 - 23:59)
448,F,2024-07-26,12:22,Foggia,FG,Foggia,2024-07-29,26,Luglio,Venerdì,Pomeriggio (12:00 - 17:59)
449,M,2024-07-28,00:25,Foggia,FG,Foggia,2024-07-29,28,Luglio,Domenica,Notte (00:00 - 05:59)
450,F,2024-07-26,21:17,Foggia,FG,Foggia,2024-07-29,26,Luglio,Venerdì,Sera (18:00 - 23:59)
451,F,2024-07-26,11:27,Foggia,FG,Foggia,2024-07-29,26,Luglio,Venerdì,Mattina (06:00 - 11:59)
452,F,2024-07-28,20:02,Foggia,FG,Foggia,2024-07-30,28,Luglio,Domenica,Sera (18:00 - 23:59)
453,F,2024-07-29,11:15,Foggia,FG,Foggia,2024-07-30,29,Luglio,Lunedì,Mattina (06:00 - 11:59)
454,F,2024-07-31,00:50,Foggia,FG,Foggia,2024-07-31,31,Luglio,Mercoledì,Notte (00:00 - 05:59)
455,M,2024-07-30,11:16,Foggia,FG,Foggia,2024-07-31,30,Luglio,Martedì,Mattina (06:00 - 11:59)
456,F,2024-07-30,21:06,Foggia,FG,Foggia,2024-07-31,30,Luglio,Martedì,Sera (18:00 - 23:59)
457,F,2024-07-30,12:23,Foggia,FG,Foggia,2024-07-31,30,Luglio,Martedì,Pomeriggio (12:00 - 17:59)
458,M,2024-07-30,13:26,Foggia,FG,Foggia,2024-07-31,30,Luglio,Martedì,Pomeriggio (12:00 - 17:59)
459,M,2024-07-30,03:23,Foggia,FG,Foggia,2024-07-31,30,Luglio,Martedì,Notte (00:00 - 05:59)
460,F,2024-07-27,16:22,Foggia,FG,Foggia,2024-07-31,27,Luglio,Sabato,Pomeriggio (12:00 - 17:59)
461,M,2024-07-29,13:11,Foggia,FG,Foggia,2024-08-01,29,Luglio,Lunedì,Pomeriggio (12:00 - 17:59)
462,F,2024-07-31,13:10,Foggia,FG,Foggia,2024-08-01,31,Luglio,Mercoledì,Pomeriggio (12:00 - 17:59)
463,F,2024-08-01,04:17,Foggia,FG,Foggia,2024-08-02,1,Agosto,Giovedì,Notte (00:00 - 05:59)
464,M,2024-08-01,22:17,Foggia,FG,Foggia,2024-08-02,1,Agosto,Giovedì,Sera (18:00 - 23:59)
465,M,2024-07-31,15:42,Foggia,FG,Foggia,2024-08-02,31,Luglio,Mercoledì,Pomeriggio (12:00 - 17:59)
466,F,2024-07-31,14:33,Foggia,FG,Foggia,2024-08-02,31,Luglio,Mercoledì,Pomeriggio (12:00 - 17:59)
467,M,2024-08-01,16:23,Foggia,FG,Foggia,2024-08-02,1,Agosto,Giovedì,Pomeriggio (12:00 - 17:59)
468,F,2024-08-01,19:09,Foggia,FG,Foggia,2024-08-02,1,Agosto,Giovedì,Sera (18:00 - 23:59)
469,M,2024-08-02,15:42,Foggia,FG,Foggia,2024-08-05,2,Agosto,Venerdì,Pomeriggio (12:00 - 17:59)
470,M,2024-08-04,01:46,Foggia,FG,Foggia,2024-08-05,4,Agosto,Domenica,Notte (00:00 - 05:59)
471,M,2024-08-05,03:05,Foggia,FG,Foggia,2024-08-05,5,Agosto,Lunedì,Notte (00:00 - 05:59)
472,F,2024-08-04,01:42,Foggia,FG,Foggia,2024-08-05,4,Agosto,Domenica,Notte (00:00 - 05:59)
473,F,2024-08-06,03:15,Foggia,FG,Foggia,2024-08-06,6,Agosto,Martedì,Notte (00:00 - 05:59)
474,F,2024-08-06,07:23,Foggia,FG,Foggia,2024-08-06,6,Agosto,Martedì,Mattina (06:00 - 11:59)
475,F,2024-08-06,17:52,Foggia,FG,Foggia,2024-08-07,6,Agosto,Martedì,Pomeriggio (12:00 - 17:59)
476,M,2024-08-05,17:15,Foggia,FG,Foggia,2024-08-07,5,Agosto,Lunedì,Pomeriggio (12:00 - 17:59)
477,M,2024-08-06,16:57,Foggia,FG,Foggia,2024-08-07,6,Agosto,Martedì,Pomeriggio (12:00 - 17:59)
478,F,2024-08-06,19:47,Foggia,FG,Foggia,2024-08-07,6,Agosto,Martedì,Sera (18:00 - 23:59)
479,F,2024-08-07,02:07,Foggia,FG,Foggia,2024-08-08,7,Agosto,Mercoledì,Notte (00:00 - 05:59)
480,M,2024-08-05,12:05,San Giovanni Rotondo,FG,Foggia,2024-08-08,5,Agosto,Lunedì,Pomeriggio (12:00 - 17:59)
481,M,2024-08-08,07:43,Foggia,FG,Foggia,2024-08-09,8,Agosto,Giovedì,Mattina (06:00 - 11:59)
482,M,2024-08-08,10:04,Foggia,FG,Foggia,2024-08-09,8,Agosto,Giovedì,Mattina (06:00 - 11:59)
483,F,2024-08-08,06:08,Foggia,FG,Foggia,2024-08-09,8,Agosto,Giovedì,Mattina (06:00 - 11:59)
484,M,2024-08-07,16:07,Foggia,FG,Foggia,2024-08-09,7,Agosto,Mercoledì,Pomeriggio (12:00 - 17:59)
485,F,2024-08-07,20:25,Foggia,FG,Foggia,2024-08-09,7,Agosto,Mercoledì,Sera (18:00 - 23:59)
486,F,2024-08-08,23:54,Foggia,FG,Foggia,2024-08-09,8,Agosto,Giovedì,Sera (18:00 - 23:59)
487,M,2024-08-11,12:48,Foggia,FG,Foggia,2024-08-12,11,Agosto,Domenica,Pomeriggio (12:00 - 17:59)
488,F,2024-08-11,03:41,Foggia,FG,Foggia,2024-08-12,11,Agosto,Domenica,Notte (00:00 - 05:59)
489,M,2024-08-11,01:46,Foggia,FG,Foggia,2024-08-12,11,Agosto,Domenica,Notte (00:00 - 05:59)
490,F,2024-08-09,09:58,Foggia,FG,Foggia,2024-08-12,9,Agosto,Venerdì,Mattina (06:00 - 11:59)
491,F,2024-08-10,14:03,Foggia,FG,Foggia,2024-08-12,10,Agosto,Sabato,Pomeriggio (12:00 - 17:59)
492,F,2024-08-12,19:52,Foggia,FG,Foggia,2024-08-13,12,Agosto,Lunedì,Sera (18:00 - 23:59)
493,F,2024-08-10,23:03,Foggia,FG,Foggia,2024-08-13,10,Agosto,Sabato,Sera (18:00 - 23:59)
494,M,2024-08-11,12:06,Foggia,FG,Foggia,2024-08-13,11,Agosto,Domenica,Pomeriggio (12:00 - 17:59)
495,M,2024-08-12,15:14,Foggia,FG,Foggia,2024-08-13,12,Agosto,Lunedì,Pomeriggio (12:00 - 17:59)
496,F,2024-08-12,23:27,Foggia,FG,Foggia,2024-08-13,12,Agosto,Lunedì,Sera (18:00 - 23:59)
497,F,2024-08-13,03:33,Foggia,FG,Foggia,2024-08-13,13,Agosto,Martedì,Notte (00:00 - 05:59)
498,M,2024-08-12,10:30,Foggia,FG,Foggia,2024-08-13,12,Agosto,Lunedì,Mattina (06:00 - 11:59)
499,F,2024-08-13,20:15,Foggia,FG,Foggia,2024-08-14,13,Agosto,Martedì,Sera (18:00 - 23:59)
500,M,2024-08-14,01:35,Foggia,FG,Foggia,2024-08-14,14,Agosto,Mercoledì,Notte (00:00 - 05:59)
501,F,2024-08-13,23:54,Foggia,FG,Foggia,2024-08-14,13,Agosto,Martedì,Sera (18:00 - 23:59)
502,M,2024-08-15,18:14,Foggia,FG,Foggia,2024-08-19,15,Agosto,Giovedì,Sera (18:00 - 23:59)
503,M,2024-08-14,13:07,Foggia,FG,Foggia,2024-08-19,14,Agosto,Mercoledì,Pomeriggio (12:00 - 17:59)
504,M,2024-08-16,18:50,Foggia,FG,Foggia,2024-08-19,16,Agosto,Venerdì,Sera (18:00 - 23:59)
505,F,2024-08-17,10:03,Foggia,FG,Foggia,2024-08-19,17,Agosto,Sabato,Mattina (06:00 - 11:59)
506,F,2024-08-13,12:21,Foggia,FG,Foggia,2024-08-19,13,Agosto,Martedì,Pomeriggio (12:00 - 17:59)
507,F,2024-08-17,15:09,Foggia,FG,Foggia,2024-08-20,17,Agosto,Sabato,Pomeriggio (12:00 - 17:59)
508,M,2024-08-20,09:25,Foggia,FG,Foggia,2024-08-20,20,Agosto,Martedì,Mattina (06:00 - 11:59)
509,M,2024-08-17,07:46,Foggia,FG,Foggia,2024-08-20,17,Agosto,Sabato,Mattina (06:00 - 11:59)
510,F,2024-08-20,06:35,Foggia,FG,Foggia,2024-08-20,20,Agosto,Martedì,Mattina (06:00 - 11:59)
511,M,2024-08-20,04:40,Foggia,FG,Foggia,2024-08-21,20,Agosto,Martedì,Notte (00:00 - 05:59)
512,M,2024-08-20,16:55,Foggia,FG,Foggia,2024-08-21,20,Agosto,Martedì,Pomeriggio (12:00 - 17:59)
513,F,2024-08-22,09:15,Foggia,FG,Foggia,2024-08-22,22,Agosto,Giovedì,Mattina (06:00 - 11:59)
514,M,2024-08-21,19:51,Foggia,FG,Foggia,2024-08-22,21,Agosto,Mercoledì,Sera (18:00 - 23:59)
515,M,2024-08-13,10:22,Foggia,FG,Foggia,2024-08-22,13,Agosto,Martedì,Mattina (06:00 - 11:59)
516,M,2024-08-20,12:21,San Severo,FG,Foggia,2024-08-22,20,Agosto,Martedì,Pomeriggio (12:00 - 17:59)
517,M,2024-08-12,16:41,Brindisi,BR,Foggia,2024-08-22,12,Agosto,Lunedì,Pomeriggio (12:00 - 17:59)
518,M,2024-08-20,20:20,Foggia,FG,Foggia,2024-08-23,20,Agosto,Martedì,Sera (18:00 - 23:59)
519,M,2024-08-21,10:29,Foggia,FG,Foggia,2024-08-23,21,Agosto,Mercoledì,Mattina (06:00 - 11:59)
520,F,2024-08-21,13:30,Foggia,FG,Foggia,2024-08-23,21,Agosto,Mercoledì,Pomeriggio (12:00 - 17:59)
521,F,2024-08-21,15:15,Foggia,FG,Foggia,2024-08-23,21,Agosto,Mercoledì,Pomeriggio (12:00 - 17:59)
522,M,2024-08-14,09:49,Roma,RM,Foggia,2024-08-23,14,Agosto,Mercoledì,Mattina (06:00 - 11:59)
523,F,2024-08-22,11:30,Foggia,FG,Foggia,2024-08-23,22,Agosto,Giovedì,Mattina (06:00 - 11:59)
524,F,2024-08-22,15:19,Foggia,FG,Foggia,2024-08-23,22,Agosto,Giovedì,Pomeriggio (12:00 - 17:59)
525,F,2024-08-24,01:56,Foggia,FG,Foggia,2024-08-26,24,Agosto,Sabato,Notte (00:00 - 05:59)
526,M,2024-08-23,21:18,Foggia,FG,Foggia,2024-08-26,23,Agosto,Venerdì,Sera (18:00 - 23:59)
527,F,2024-08-24,11:34,Foggia,FG,Foggia,2024-08-26,24,Agosto,Sabato,Mattina (06:00 - 11:59)
528,M,2024-08-22,19:47,Foggia,FG,Foggia,2024-08-26,22,Agosto,Giovedì,Sera (18:00 - 23:59)
529,M,2024-08-26,09:59,Foggia,FG,Foggia,2024-08-26,26,Agosto,Lunedì,Mattina (06:00 - 11:59)
530,F,2024-08-25,10:06,Foggia,FG,Foggia,2024-08-26,25,Agosto,Domenica,Mattina (06:00 - 11:59)
531,F,2024-08-26,12:59,Foggia,FG,Foggia,2024-08-27,26,Agosto,Lunedì,Pomeriggio (12:00 - 17:59)
532,M,2024-08-09,19:40,Vicenza,VI,Foggia,2024-08-28,9,Agosto,Venerdì,Sera (18:00 - 23:59)
533,F,2024-08-27,11:38,Foggia,FG,Foggia,2024-08-28,27,Agosto,Martedì,Mattina (06:00 - 11:59)
534,M,2024-08-07,Orario Non Disponibile,Le Mans Sarthe,FR,Foggia,2024-08-28,7,Agosto,Mercoledì,Non Disponibile
535,M,2024-08-28,19:12,Foggia,FG,Foggia,2024-08-29,28,Agosto,Mercoledì,Sera (18:00 - 23:59)
536,F,2024-08-28,09:25,Foggia,FG,Foggia,2024-09-02,28,Agosto,Mercoledì,Mattina (06:00 - 11:59)
537,F,2024-08-31,18:04,Foggia,FG,Foggia,2024-09-02,31,Agosto,Sabato,Sera (18:00 - 23:59)
538,M,2024-08-31,11:19,Foggia,FG,Foggia,2024-09-02,31,Agosto,Sabato,Mattina (06:00 - 11:59)
539,M,2024-08-28,16:49,San Severo,FG,Foggia,2024-09-02,28,Agosto,Mercoledì,Pomeriggio (12:00 - 17:59)
540,M,2024-08-31,20:51,Foggia,FG,Foggia,2024-09-02,31,Agosto,Sabato,Sera (18:00 - 23:59)
541,M,2024-08-30,07:47,Foggia,FG,Foggia,2024-09-02,30,Agosto,Venerdì,Mattina (06:00 - 11:59)
542,M,2024-08-31,03:03,Foggia,FG,Foggia,2024-09-02,31,Agosto,Sabato,Notte (00:00 - 05:59)
543,M,2024-08-30,05:09,Foggia,FG,Foggia,2024-09-02,30,Agosto,Venerdì,Notte (00:00 - 05:59)
544,M,2024-08-29,12:29,Foggia,FG,Foggia,2024-09-02,29,Agosto,Giovedì,Pomeriggio (12:00 - 17:59)
545,M,2024-09-01,23:45,Foggia,FG,Foggia,2024-09-02,1,Settembre,Domenica,Sera (18:00 - 23:59)
546,F,2024-09-02,16:05,Foggia,FG,Foggia,2024-09-03,2,Settembre,Lunedì,Pomeriggio (12:00 - 17:59)
547,F,2024-09-02,23:10,Foggia,FG,Foggia,2024-09-03,2,Settembre,Lunedì,Sera (18:00 - 23:59)
548,M,2024-09-02,17:34,Foggia,FG,Foggia,2024-09-03,2,Settembre,Lunedì,Pomeriggio (12:00 - 17:59)
549,F,2024-08-29,09:27,Foggia,FG,Foggia,2024-09-03,29,Agosto,Giovedì,Mattina (06:00 - 11:59)
550,F,2024-09-02,03:37,Foggia,FG,Foggia,2024-09-03,2,Settembre,Lunedì,Notte (00:00 - 05:59)
551,F,2024-09-03,14:03,Foggia,FG,Foggia,2024-09-04,3,Settembre,Martedì,Pomeriggio (12:00 - 17:59)
552,F,2024-09-03,10:49,Foggia,FG,Foggia,2024-09-04,3,Settembre,Martedì,Mattina (06:00 - 11:59)
553,M,2024-09-04,01:22,Foggia,FG,Foggia,2024-09-04,4,Settembre,Mercoledì,Notte (00:00 - 05:59)
554,F,2024-09-01,21:24,Foggia,FG,Foggia,2024-09-04,1,Settembre,Domenica,Sera (18:00 - 23:59)
555,M,2024-09-04,15:11,Foggia,FG,Foggia,2024-09-05,4,Settembre,Mercoledì,Pomeriggio (12:00 - 17:59)
556,M,2024-09-03,09:24,Foggia,FG,Foggia,2024-09-05,3,Settembre,Martedì,Mattina (06:00 - 11:59)
557,M,2024-09-03,16:04,Foggia,FG,Foggia,2024-09-06,3,Settembre,Martedì,Pomeriggio (12:00 - 17:59)
558,M,2024-09-05,21:31,Foggia,FG,Foggia,2024-09-06,5,Settembre,Giovedì,Sera (18:00 - 23:59)
559,F,2024-08-29,08:55,Asti,AT,Foggia,2024-09-06,29,Agosto,Giovedì,Mattina (06:00 - 11:59)
560,M,2024-09-08,21:39,Foggia,FG,Foggia,2024-09-09,8,Settembre,Domenica,Sera (18:00 - 23:59)
561,M,2024-09-08,09:22,Foggia,FG,Foggia,2024-09-09,8,Settembre,Domenica,Mattina (06:00 - 11:59)
562,F,2024-09-08,08:55,Foggia,FG,Foggia,2024-09-09,8,Settembre,Domenica,Mattina (06:00 - 11:59)
563,F,2024-09-04,06:39,Foggia,FG,Foggia,2024-09-09,4,Settembre,Mercoledì,Mattina (06:00 - 11:59)
564,F,2024-09-08,09:36,Foggia,FG,Foggia,2024-09-09,8,Settembre,Domenica,Mattina (06:00 - 11:59)
565,F,2024-09-07,01:28,Foggia,FG,Foggia,2024-09-09,7,Settembre,Sabato,Notte (00:00 - 05:59)
566,F,2024-09-04,06:38,Foggia,FG,Foggia,2024-09-09,4,Settembre,Mercoledì,Mattina (06:00 - 11:59)
567,F,2024-09-06,14:40,Foggia,FG,Foggia,2024-09-09,6,Settembre,Venerdì,Pomeriggio (12:00 - 17:59)
568,F,2024-09-07,05:57,Foggia,FG,Foggia,2024-09-09,7,Settembre,Sabato,Notte (00:00 - 05:59)
569,M,2024-09-06,09:52,Foggia,FG,Foggia,2024-09-09,6,Settembre,Venerdì,Mattina (06:00 - 11:59)
570,M,2024-09-09,01:03,Foggia,FG,Foggia,2024-09-09,9,Settembre,Lunedì,Notte (00:00 - 05:59)
571,M,2024-09-06,11:53,Foggia,FG,Foggia,2024-09-09,6,Settembre,Venerdì,Mattina (06:00 - 11:59)
572,F,2024-09-06,09:54,Foggia,FG,Foggia,2024-09-09,6,Settembre,Venerdì,Mattina (06:00 - 11:59)
573,F,2024-09-06,09:55,Foggia,FG,Foggia,2024-09-09,6,Settembre,Venerdì,Mattina (06:00 - 11:59)
574,M,2024-09-07,22:53,Foggia,FG,Foggia,2024-09-10,7,Settembre,Sabato,Sera (18:00 - 23:59)
575,M,2024-09-08,23:02,Foggia,FG,Foggia,2024-09-10,8,Settembre,Domenica,Sera (18:00 - 23:59)
576,F,2024-09-08,12:16,Foggia,FG,Foggia,2024-09-10,8,Settembre,Domenica,Pomeriggio (12:00 - 17:59)
577,F,2024-09-09,03:41,Foggia,FG,Foggia,2024-09-10,9,Settembre,Lunedì,Notte (00:00 - 05:59)
578,F,2024-09-08,10:49,Foggia,FG,Foggia,2024-09-10,8,Settembre,Domenica,Mattina (06:00 - 11:59)
579,M,2024-09-07,13:27,Foggia,FG,Foggia,2024-09-10,7,Settembre,Sabato,Pomeriggio (12:00 - 17:59)
580,M,2024-09-08,13:38,Foggia,FG,Foggia,2024-09-10,8,Settembre,Domenica,Pomeriggio (12:00 - 17:59)
581,F,2024-09-10,21:35,Foggia,FG,Foggia,2024-09-11,10,Settembre,Martedì,Sera (18:00 - 23:59)
582,M,2024-09-10,12:09,Foggia,FG,Foggia,2024-09-11,10,Settembre,Martedì,Pomeriggio (12:00 - 17:59)
583,M,2024-09-11,13:03,Foggia,FG,Foggia,2024-09-12,11,Settembre,Mercoledì,Pomeriggio (12:00 - 17:59)
584,M,2024-09-11,19:26,Foggia,FG,Foggia,2024-09-12,11,Settembre,Mercoledì,Sera (18:00 - 23:59)
585,M,2024-09-11,10:49,Foggia,FG,Foggia,2024-09-12,11,Settembre,Mercoledì,Mattina (06:00 - 11:59)
586,F,2024-09-11,13:24,Foggia,FG,Foggia,2024-09-12,11,Settembre,Mercoledì,Pomeriggio (12:00 - 17:59)
587,F,2024-09-12,03:38,Foggia,FG,Foggia,2024-09-12,12,Settembre,Giovedì,Notte (00:00 - 05:59)
588,M,2024-09-09,12:16,Foggia,FG,Foggia,2024-09-12,9,Settembre,Lunedì,Pomeriggio (12:00 - 17:59)
589,M,2024-09-09,16:24,Foggia,FG,Foggia,2024-09-12,9,Settembre,Lunedì,Pomeriggio (12:00 - 17:59)
590,F,2024-09-10,19:23,Foggia,FG,Foggia,2024-09-12,10,Settembre,Martedì,Sera (18:00 - 23:59)
591,M,2024-09-12,13:31,Foggia,FG,Foggia,2024-09-13,12,Settembre,Giovedì,Pomeriggio (12:00 - 17:59)
592,M,2024-09-12,19:15,Foggia,FG,Foggia,2024-09-13,12,Settembre,Giovedì,Sera (18:00 - 23:59)
593,F,2024-09-12,12:58,Foggia,FG,Foggia,2024-09-13,12,Settembre,Giovedì,Pomeriggio (12:00 - 17:59)
594,F,2024-09-15,16:36,Foggia,FG,Foggia,2024-09-16,15,Settembre,Domenica,Pomeriggio (12:00 - 17:59)
595,F,2024-09-12,16:17,Cerignola,FG,Foggia,2024-09-16,12,Settembre,Giovedì,Pomeriggio (12:00 - 17:59)
596,F,2024-09-13,23:56,Foggia,FG,Foggia,2024-09-16,13,Settembre,Venerdì,Sera (18:00 - 23:59)
597,F,2024-09-15,11:53,Foggia,FG,Foggia,2024-09-16,15,Settembre,Domenica,Mattina (06:00 - 11:59)
598,F,2024-09-14,10:45,Foggia,FG,Foggia,2024-09-16,14,Settembre,Sabato,Mattina (06:00 - 11:59)
599,M,2024-09-14,01:38,Foggia,FG,Foggia,2024-09-16,14,Settembre,Sabato,Notte (00:00 - 05:59)
600,M,2024-09-13,11:34,Foggia,FG,Foggia,2024-09-16,13,Settembre,Venerdì,Mattina (06:00 - 11:59)
601,M,2024-09-14,10:55,Foggia,FG,Foggia,2024-09-16,14,Settembre,Sabato,Mattina (06:00 - 11:59)
602,M,2024-09-15,04:31,Foggia,FG,Foggia,2024-09-17,15,Settembre,Domenica,Notte (00:00 - 05:59)
603,M,2024-09-17,18:53,Foggia,FG,Foggia,2024-09-18,17,Settembre,Martedì,Sera (18:00 - 23:59)
604,F,2024-09-17,13:13,Foggia,FG,Foggia,2024-09-18,17,Settembre,Martedì,Pomeriggio (12:00 - 17:59)
605,F,2024-09-16,16:28,Foggia,FG,Foggia,2024-09-18,16,Settembre,Lunedì,Pomeriggio (12:00 - 17:59)
606,F,2024-09-17,01:48,Foggia,FG,Foggia,2024-09-18,17,Settembre,Martedì,Notte (00:00 - 05:59)
607,M,2024-09-18,06:38,Foggia,FG,Foggia,2024-09-18,18,Settembre,Mercoledì,Mattina (06:00 - 11:59)
608,M,2024-09-18,18:06,Foggia,FG,Foggia,2024-09-19,18,Settembre,Mercoledì,Sera (18:00 - 23:59)
609,M,2024-09-18,15:53,Foggia,FG,Foggia,2024-09-20,18,Settembre,Mercoledì,Pomeriggio (12:00 - 17:59)
610,F,2024-09-19,09:57,Foggia,FG,Foggia,2024-09-20,19,Settembre,Giovedì,Mattina (06:00 - 11:59)
611,F,2024-09-21,10:03,Foggia,FG,Foggia,2024-09-23,21,Settembre,Sabato,Mattina (06:00 - 11:59)
612,F,2024-09-21,19:14,Foggia,FG,Foggia,2024-09-23,21,Settembre,Sabato,Sera (18:00 - 23:59)
613,F,2024-09-21,02:35,Foggia,FG,Foggia,2024-09-23,21,Settembre,Sabato,Notte (00:00 - 05:59)
614,F,2024-09-20,12:56,Foggia,FG,Foggia,2024-09-23,20,Settembre,Venerdì,Pomeriggio (12:00 - 17:59)
615,F,2024-09-22,21:23,Foggia,FG,Foggia,2024-09-23,22,Settembre,Domenica,Sera (18:00 - 23:59)
616,M,2024-09-23,09:30,Foggia,FG,Foggia,2024-09-24,23,Settembre,Lunedì,Mattina (06:00 - 11:59)
617,F,2024-09-23,21:42,Foggia,FG,Foggia,2024-09-24,23,Settembre,Lunedì,Sera (18:00 - 23:59)
618,M,2024-09-22,23:12,Foggia,FG,Foggia,2024-09-24,22,Settembre,Domenica,Sera (18:00 - 23:59)
619,M,2024-09-23,17:56,Foggia,FG,Foggia,2024-09-24,23,Settembre,Lunedì,Pomeriggio (12:00 - 17:59)
620,M,2024-09-24,00:34,Foggia,FG,Foggia,2024-09-24,24,Settembre,Martedì,Notte (00:00 - 05:59)
621,M,2024-09-21,03:40,Foggia,FG,Foggia,2024-09-24,21,Settembre,Sabato,Notte (00:00 - 05:59)
622,M,2024-09-24,11:36,Foggia,FG,Foggia,2024-09-25,24,Settembre,Martedì,Mattina (06:00 - 11:59)
623,F,2024-09-25,11:00,Foggia,FG,Foggia,2024-09-25,25,Settembre,Mercoledì,Mattina (06:00 - 11:59)
624,M,2024-09-22,18:55,Foggia,FG,Foggia,2024-09-25,22,Settembre,Domenica,Sera (18:00 - 23:59)
625,F,2024-09-24,16:31,Foggia,FG,Foggia,2024-09-25,24,Settembre,Martedì,Pomeriggio (12:00 - 17:59)
626,F,2024-09-24,18:56,Foggia,FG,Foggia,2024-09-25,24,Settembre,Martedì,Sera (18:00 - 23:59)
627,F,2024-09-22,12:43,Foggia,FG,Foggia,2024-09-25,22,Settembre,Domenica,Pomeriggio (12:00 - 17:59)
628,F,2024-09-26,11:13,Foggia,FG,Foggia,2024-09-26,26,Settembre,Giovedì,Mattina (06:00 - 11:59)
629,M,2024-09-26,11:14,Foggia,FG,Foggia,2024-09-26,26,Settembre,Giovedì,Mattina (06:00 - 11:59)
630,F,2024-09-25,19:52,Foggia,FG,Foggia,2024-09-27,25,Settembre,Mercoledì,Sera (18:00 - 23:59)
631,F,2024-09-24,06:04,Foggia,FG,Foggia,2024-09-27,24,Settembre,Martedì,Mattina (06:00 - 11:59)
632,M,2024-09-29,03:16,Foggia,FG,Foggia,2024-09-30,29,Settembre,Domenica,Notte (00:00 - 05:59)
633,M,2024-09-28,01:37,Foggia,FG,Foggia,2024-09-30,28,Settembre,Sabato,Notte (00:00 - 05:59)
634,M,2024-09-28,22:30,Foggia,FG,Foggia,2024-09-30,28,Settembre,Sabato,Sera (18:00 - 23:59)
635,F,2024-09-28,05:43,Foggia,FG,Foggia,2024-09-30,28,Settembre,Sabato,Notte (00:00 - 05:59)
636,M,2024-09-28,05:06,Foggia,FG,Foggia,2024-09-30,28,Settembre,Sabato,Notte (00:00 - 05:59)
637,M,2024-09-27,10:13,Foggia,FG,Foggia,2024-09-30,27,Settembre,Venerdì,Mattina (06:00 - 11:59)
638,M,2024-09-28,11:07,Foggia,FG,Foggia,2024-09-30,28,Settembre,Sabato,Mattina (06:00 - 11:59)
639,F,2024-09-28,05:29,Foggia,FG,Foggia,2024-09-30,28,Settembre,Sabato,Notte (00:00 - 05:59)
640,F,2024-09-28,06:28,Foggia,FG,Foggia,2024-09-30,28,Settembre,Sabato,Mattina (06:00 - 11:59)
641,M,2024-09-27,13:25,Foggia,FG,Foggia,2024-09-30,27,Settembre,Venerdì,Pomeriggio (12:00 - 17:59)
642,F,2024-09-28,04:52,Foggia,FG,Foggia,2024-09-30,28,Settembre,Sabato,Notte (00:00 - 05:59)
643,F,2024-09-27,23:17,San Giovanni Rotondo,FG,Foggia,2024-10-01,27,Settembre,Venerdì,Sera (18:00 - 23:59)
644,M,2024-09-29,01:10,Foggia,FG,Foggia,2024-10-01,29,Settembre,Domenica,Notte (00:00 - 05:59)
645,M,2024-09-30,12:54,Foggia,FG,Foggia,2024-10-01,30,Settembre,Lunedì,Pomeriggio (12:00 - 17:59)
646,F,2024-09-29,14:01,Cavalese,TN,Foggia,2024-10-02,29,Settembre,Domenica,Pomeriggio (12:00 - 17:59)
647,F,2024-10-01,18:21,Foggia,FG,Foggia,2024-10-02,1,Ottobre,Martedì,Sera (18:00 - 23:59)
648,M,2024-10-01,01:02,Foggia,FG,Foggia,2024-10-02,1,Ottobre,Martedì,Notte (00:00 - 05:59)
649,F,2024-10-02,07:30,Foggia,FG,Foggia,2024-10-02,2,Ottobre,Mercoledì,Mattina (06:00 - 11:59)
650,M,2024-10-01,17:11,Foggia,FG,Foggia,2024-10-02,1,Ottobre,Martedì,Pomeriggio (12:00 - 17:59)
651,M,2024-10-02,23:33,Foggia,FG,Foggia,2024-10-03,2,Ottobre,Mercoledì,Sera (18:00 - 23:59)
652,F,2024-10-03,16:05,Foggia,FG,Foggia,2024-10-04,3,Ottobre,Giovedì,Pomeriggio (12:00 - 17:59)
653,M,2024-10-04,10:49,Foggia,FG,Foggia,2024-10-04,4,Ottobre,Venerdì,Mattina (06:00 - 11:59)
654,M,2024-10-02,12:14,Foggia,FG,Foggia,2024-10-04,2,Ottobre,Mercoledì,Pomeriggio (12:00 - 17:59)
655,M,2024-10-04,04:29,Foggia,FG,Foggia,2024-10-04,4,Ottobre,Venerdì,Notte (00:00 - 05:59)
656,F,2024-10-05,23:23,Foggia,FG,Foggia,2024-10-07,5,Ottobre,Sabato,Sera (18:00 - 23:59)
657,M,2024-10-03,10:24,Bari,BA,Foggia,2024-10-07,3,Ottobre,Giovedì,Mattina (06:00 - 11:59)
658,F,2024-10-06,13:32,Foggia,FG,Foggia,2024-10-07,6,Ottobre,Domenica,Pomeriggio (12:00 - 17:59)
659,M,2024-10-05,16:50,Foggia,FG,Foggia,2024-10-07,5,Ottobre,Sabato,Pomeriggio (12:00 - 17:59)
660,M,2024-10-07,19:54,Foggia,FG,Foggia,2024-10-08,7,Ottobre,Lunedì,Sera (18:00 - 23:59)
661,M,2024-10-07,21:40,Foggia,FG,Foggia,2024-10-08,7,Ottobre,Lunedì,Sera (18:00 - 23:59)
662,F,2024-10-07,10:20,Foggia,FG,Foggia,2024-10-08,7,Ottobre,Lunedì,Mattina (06:00 - 11:59)
663,F,2024-10-08,00:41,Foggia,FG,Foggia,2024-10-08,8,Ottobre,Martedì,Notte (00:00 - 05:59)
664,M,2024-10-07,16:51,Foggia,FG,Foggia,2024-10-08,7,Ottobre,Lunedì,Pomeriggio (12:00 - 17:59)
665,M,2024-10-07,14:06,Foggia,FG,Foggia,2024-10-08,7,Ottobre,Lunedì,Pomeriggio (12:00 - 17:59)
666,F,2024-10-06,21:21,Foggia,FG,Foggia,2024-10-08,6,Ottobre,Domenica,Sera (18:00 - 23:59)
667,F,2024-10-08,10:16,Foggia,FG,Foggia,2024-10-08,8,Ottobre,Martedì,Mattina (06:00 - 11:59)
668,M,2024-10-09,09:07,Foggia,FG,Foggia,2024-10-09,9,Ottobre,Mercoledì,Mattina (06:00 - 11:59)
669,M,2024-10-09,02:06,Foggia,FG,Foggia,2024-10-09,9,Ottobre,Mercoledì,Notte (00:00 - 05:59)
670,F,2024-09-14,05:51,Roma,RM,Foggia,2024-10-09,14,Settembre,Sabato,Notte (00:00 - 05:59)
671,M,2024-10-09,14:29,Foggia,FG,Foggia,2024-10-10,9,Ottobre,Mercoledì,Pomeriggio (12:00 - 17:59)
672,M,2024-10-09,16:08,Foggia,FG,Foggia,2024-10-10,9,Ottobre,Mercoledì,Pomeriggio (12:00 - 17:59)
673,M,2024-10-08,11:19,Foggia,FG,Foggia,2024-10-10,8,Ottobre,Martedì,Mattina (06:00 - 11:59)
674,F,2024-10-07,18:15,San Severo,FG,Foggia,2024-10-11,7,Ottobre,Lunedì,Sera (18:00 - 23:59)
675,F,2024-10-10,13:23,Foggia,FG,Foggia,2024-10-11,10,Ottobre,Giovedì,Pomeriggio (12:00 - 17:59)
676,F,2024-10-10,11:14,Foggia,FG,Foggia,2024-10-11,10,Ottobre,Giovedì,Mattina (06:00 - 11:59)
677,F,2024-01-04,Orario Non Disponibile,Praga,CZ,Foggia,2024-10-11,4,Gennaio,Giovedì,Non Disponibile
678,M,2024-10-12,20:44,Foggia,FG,Foggia,2024-10-14,12,Ottobre,Sabato,Sera (18:00 - 23:59)
679,M,2024-10-14,16:01,Foggia,FG,Foggia,2024-10-15,14,Ottobre,Lunedì,Pomeriggio (12:00 - 17:59)
680,F,2024-10-11,14:08,Foggia,FG,Foggia,2024-10-15,11,Ottobre,Venerdì,Pomeriggio (12:00 - 17:59)
681,M,2024-10-12,15:25,Foggia,FG,Foggia,2024-10-15,12,Ottobre,Sabato,Pomeriggio (12:00 - 17:59)
682,F,2024-10-15,13:22,Foggia,FG,Foggia,2024-10-16,15,Ottobre,Martedì,Pomeriggio (12:00 - 17:59)
683,F,2024-10-16,13:06,Foggia,FG,Foggia,2024-10-16,16,Ottobre,Mercoledì,Pomeriggio (12:00 - 17:59)
684,M,2024-10-16,21:27,Foggia,FG,Foggia,2024-10-17,16,Ottobre,Mercoledì,Sera (18:00 - 23:59)
685,M,2024-10-16,06:11,Foggia,FG,Foggia,2024-10-17,16,Ottobre,Mercoledì,Mattina (06:00 - 11:59)
686,M,2024-10-17,22:56,Foggia,FG,Foggia,2024-10-18,17,Ottobre,Giovedì,Sera (18:00 - 23:59)
687,F,2024-10-17,19:09,Foggia,FG,Foggia,2024-10-18,17,Ottobre,Giovedì,Sera (18:00 - 23:59)
688,M,2024-10-15,10:34,Foggia,FG,Foggia,2024-10-18,15,Ottobre,Martedì,Mattina (06:00 - 11:59)
689,M,2024-10-15,16:00,Foggia,FG,Foggia,2024-10-18,15,Ottobre,Martedì,Pomeriggio (12:00 - 17:59)
690,F,2024-10-18,16:53,Foggia,FG,Foggia,2024-10-21,18,Ottobre,Venerdì,Pomeriggio (12:00 - 17:59)
691,M,2024-10-19,04:45,Foggia,FG,Foggia,2024-10-21,19,Ottobre,Sabato,Notte (00:00 - 05:59)
692,F,2024-10-19,10:28,Foggia,FG,Foggia,2024-10-21,19,Ottobre,Sabato,Mattina (06:00 - 11:59)
693,M,2024-10-18,13:48,Foggia,FG,Foggia,2024-10-21,18,Ottobre,Venerdì,Pomeriggio (12:00 - 17:59)
694,M,2024-10-19,12:00,Foggia,FG,Foggia,2024-10-21,19,Ottobre,Sabato,Pomeriggio (12:00 - 17:59)
695,M,2024-10-18,09:44,Foggia,FG,Foggia,2024-10-21,18,Ottobre,Venerdì,Mattina (06:00 - 11:59)
696,F,2024-10-21,18:50,Foggia,FG,Foggia,2024-10-22,21,Ottobre,Lunedì,Sera (18:00 - 23:59)
697,M,2024-10-22,02:45,Foggia,FG,Foggia,2024-10-22,22,Ottobre,Martedì,Notte (00:00 - 05:59)
698,M,2024-10-21,09:04,Foggia,FG,Foggia,2024-10-22,21,Ottobre,Lunedì,Mattina (06:00 - 11:59)
699,F,2024-10-19,17:12,Foggia,FG,Foggia,2024-10-22,19,Ottobre,Sabato,Pomeriggio (12:00 - 17:59)
700,F,2024-10-22,16:11,Foggia,FG,Foggia,2024-10-23,22,Ottobre,Martedì,Pomeriggio (12:00 - 17:59)
701,M,2024-10-23,12:52,Foggia,FG,Foggia,2024-10-24,23,Ottobre,Mercoledì,Pomeriggio (12:00 - 17:59)
702,F,2024-10-23,09:15,Foggia,FG,Foggia,2024-10-24,23,Ottobre,Mercoledì,Mattina (06:00 - 11:59)
703,M,2024-10-23,12:51,Foggia,FG,Foggia,2024-10-24,23,Ottobre,Mercoledì,Pomeriggio (12:00 - 17:59)
704,M,2024-10-23,22:39,Foggia,FG,Foggia,2024-10-24,23,Ottobre,Mercoledì,Sera (18:00 - 23:59)
705,F,2024-10-25,09:20,Foggia,FG,Foggia,2024-10-25,25,Ottobre,Venerdì,Mattina (06:00 - 11:59)
706,M,2024-10-22,06:35,Foggia,FG,Foggia,2024-10-28,22,Ottobre,Martedì,Mattina (06:00 - 11:59)
707,M,2024-10-25,13:22,Foggia,FG,Foggia,2024-10-28,25,Ottobre,Venerdì,Pomeriggio (12:00 - 17:59)
708,M,2024-10-25,16:52,Foggia,FG,Foggia,2024-10-28,25,Ottobre,Venerdì,Pomeriggio (12:00 - 17:59)
709,M,2024-10-28,06:48,Foggia,FG,Foggia,2024-10-28,28,Ottobre,Lunedì,Mattina (06:00 - 11:59)
710,F,2024-10-27,18:12,Foggia,FG,Foggia,2024-10-28,27,Ottobre,Domenica,Sera (18:00 - 23:59)
711,F,2024-10-25,22:34,Foggia,FG,Foggia,2024-10-28,25,Ottobre,Venerdì,Sera (18:00 - 23:59)
712,M,2024-10-26,14:58,Foggia,FG,Foggia,2024-10-28,26,Ottobre,Sabato,Pomeriggio (12:00 - 17:59)
713,M,2024-10-22,06:36,Foggia,FG,Foggia,2024-10-28,22,Ottobre,Martedì,Mattina (06:00 - 11:59)
714,M,2024-10-28,00:11,Foggia,FG,Foggia,2024-10-28,28,Ottobre,Lunedì,Notte (00:00 - 05:59)
715,M,2024-10-27,02:11,Foggia,FG,Foggia,2024-10-28,27,Ottobre,Domenica,Notte (00:00 - 05:59)
716,M,2024-10-29,09:51,Foggia,FG,Foggia,2024-10-29,29,Ottobre,Martedì,Mattina (06:00 - 11:59)
717,F,2024-10-26,13:37,Foggia,FG,Foggia,2024-10-29,26,Ottobre,Sabato,Pomeriggio (12:00 - 17:59)
718,F,2024-10-29,08:13,Foggia,FG,Foggia,2024-10-29,29,Ottobre,Martedì,Mattina (06:00 - 11:59)
719,M,2024-10-27,10:09,Foggia,FG,Foggia,2024-10-29,27,Ottobre,Domenica,Mattina (06:00 - 11:59)
720,F,2024-10-20,22:43,Foggia,FG,Foggia,2024-10-29,20,Ottobre,Domenica,Sera (18:00 - 23:59)
721,F,2024-10-17,05:17,Roma,RM,Foggia,2024-10-30,17,Ottobre,Giovedì,Notte (00:00 - 05:59)
722,M,2024-10-28,14:18,Foggia,FG,Foggia,2024-10-30,28,Ottobre,Lunedì,Pomeriggio (12:00 - 17:59)
723,F,2024-10-30,12:42,Foggia,FG,Foggia,2024-10-31,30,Ottobre,Mercoledì,Pomeriggio (12:00 - 17:59)
724,M,2024-10-29,16:44,Foggia,FG,Foggia,2024-10-31,29,Ottobre,Martedì,Pomeriggio (12:00 - 17:59)
725,M,2024-10-31,10:06,Foggia,FG,Foggia,2024-10-31,31,Ottobre,Giovedì,Mattina (06:00 - 11:59)
726,F,2024-10-29,16:45,Foggia,FG,Foggia,2024-10-31,29,Ottobre,Martedì,Pomeriggio (12:00 - 17:59)
727,M,2024-11-01,07:41,Foggia,FG,Foggia,2024-11-04,1,Novembre,Venerdì,Mattina (06:00 - 11:59)
728,M,2024-11-02,11:28,Foggia,FG,Foggia,2024-11-04,2,Novembre,Sabato,Mattina (06:00 - 11:59)
729,M,2024-11-01,09:45,Foggia,FG,Foggia,2024-11-04,1,Novembre,Venerdì,Mattina (06:00 - 11:59)
730,F,2024-10-31,19:35,Foggia,FG,Foggia,2024-11-04,31,Ottobre,Giovedì,Sera (18:00 - 23:59)
731,F,2024-10-31,03:42,Foggia,FG,Foggia,2024-11-04,31,Ottobre,Giovedì,Notte (00:00 - 05:59)
732,M,2024-10-31,12:23,Foggia,FG,Foggia,2024-11-04,31,Ottobre,Giovedì,Pomeriggio (12:00 - 17:59)
733,M,2024-11-02,17:26,Foggia,FG,Foggia,2024-11-04,2,Novembre,Sabato,Pomeriggio (12:00 - 17:59)
734,M,2024-10-31,19:29,Foggia,FG,Foggia,2024-11-04,31,Ottobre,Giovedì,Sera (18:00 - 23:59)
735,F,2024-11-04,12:05,Foggia,FG,Foggia,2024-11-05,4,Novembre,Lunedì,Pomeriggio (12:00 - 17:59)
736,M,2024-11-03,10:30,Foggia,FG,Foggia,2024-11-05,3,Novembre,Domenica,Mattina (06:00 - 11:59)
737,M,2024-11-04,12:05,Foggia,FG,Foggia,2024-11-05,4,Novembre,Lunedì,Pomeriggio (12:00 - 17:59)
738,M,2024-11-06,09:50,Foggia,FG,Foggia,2024-11-06,6,Novembre,Mercoledì,Mattina (06:00 - 11:59)
739,F,2024-11-06,16:58,Foggia,FG,Foggia,2024-11-07,6,Novembre,Mercoledì,Pomeriggio (12:00 - 17:59)
740,F,2024-11-05,17:37,Foggia,FG,Foggia,2024-11-07,5,Novembre,Martedì,Pomeriggio (12:00 - 17:59)
741,F,2024-09-14,Orario Non Disponibile,Le Mans Sarthe,FR,Foggia,2024-11-07,14,Settembre,Sabato,Non Disponibile
742,M,2024-11-05,11:52,Foggia,FG,Foggia,2024-11-07,5,Novembre,Martedì,Mattina (06:00 - 11:59)
743,F,2024-11-07,05:40,Foggia,FG,Foggia,2024-11-07,7,Novembre,Giovedì,Notte (00:00 - 05:59)
744,F,2024-11-05,10:01,Foggia,FG,Foggia,2024-11-07,5,Novembre,Martedì,Mattina (06:00 - 11:59)
745,F,2024-11-07,11:16,Foggia,FG,Foggia,2024-11-08,7,Novembre,Giovedì,Mattina (06:00 - 11:59)
746,M,2024-11-07,15:55,Foggia,FG,Foggia,2024-11-08,7,Novembre,Giovedì,Pomeriggio (12:00 - 17:59)
747,F,2024-11-07,13:10,Foggia,FG,Foggia,2024-11-08,7,Novembre,Giovedì,Pomeriggio (12:00 - 17:59)
748,M,2024-10-31,16:10,Foggia,FG,Foggia,2024-11-08,31,Ottobre,Giovedì,Pomeriggio (12:00 - 17:59)
749,M,2024-11-06,15:50,Foggia,FG,Foggia,2024-11-08,6,Novembre,Mercoledì,Pomeriggio (12:00 - 17:59)
750,M,2024-11-09,12:09,Foggia,FG,Foggia,2024-11-11,9,Novembre,Sabato,Pomeriggio (12:00 - 17:59)
751,F,2024-11-11,04:20,Foggia,FG,Foggia,2024-11-11,11,Novembre,Lunedì,Notte (00:00 - 05:59)
752,F,2024-11-07,08:56,Foggia,FG,Foggia,2024-11-11,7,Novembre,Giovedì,Mattina (06:00 - 11:59)
753,M,2024-11-07,09:08,Foggia,FG,Foggia,2024-11-11,7,Novembre,Giovedì,Mattina (06:00 - 11:59)
754,F,2024-11-08,09:22,Foggia,FG,Foggia,2024-11-11,8,Novembre,Venerdì,Mattina (06:00 - 11:59)
755,M,2024-11-09,06:36,Foggia,FG,Foggia,2024-11-11,9,Novembre,Sabato,Mattina (06:00 - 11:59)
756,F,2024-11-08,17:59,Foggia,FG,Foggia,2024-11-11,8,Novembre,Venerdì,Pomeriggio (12:00 - 17:59)
757,M,2024-11-10,02:13,Foggia,FG,Foggia,2024-11-11,10,Novembre,Domenica,Notte (00:00 - 05:59)
758,F,2024-11-11,03:32,Foggia,FG,Foggia,2024-11-12,11,Novembre,Lunedì,Notte (00:00 - 05:59)
759,M,2024-11-11,23:42,Foggia,FG,Foggia,2024-11-12,11,Novembre,Lunedì,Sera (18:00 - 23:59)
760,F,2024-11-11,06:58,Foggia,FG,Foggia,2024-11-12,11,Novembre,Lunedì,Mattina (06:00 - 11:59)
761,M,2024-11-12,05:25,Foggia,FG,Foggia,2024-11-12,12,Novembre,Martedì,Notte (00:00 - 05:59)
762,F,2024-11-11,17:07,Foggia,FG,Foggia,2024-11-12,11,Novembre,Lunedì,Pomeriggio (12:00 - 17:59)
763,F,2024-11-13,05:01,Foggia,FG,Foggia,2024-11-13,13,Novembre,Mercoledì,Notte (00:00 - 05:59)
764,F,2024-11-12,16:12,Foggia,FG,Foggia,2024-11-13,12,Novembre,Martedì,Pomeriggio (12:00 - 17:59)
765,M,2024-11-13,19:10,Foggia,FG,Foggia,2024-11-14,13,Novembre,Mercoledì,Sera (18:00 - 23:59)
766,M,2024-11-12,23:09,Foggia,FG,Foggia,2024-11-14,12,Novembre,Martedì,Sera (18:00 - 23:59)
767,F,2024-11-11,11:45,San Severo,FG,Foggia,2024-11-14,11,Novembre,Lunedì,Mattina (06:00 - 11:59)
768,F,2024-11-13,09:15,Foggia,FG,Foggia,2024-11-15,13,Novembre,Mercoledì,Mattina (06:00 - 11:59)
769,M,2024-11-13,10:18,Foggia,FG,Foggia,2024-11-15,13,Novembre,Mercoledì,Mattina (06:00 - 11:59)
770,F,2024-11-14,13:31,Foggia,FG,Foggia,2024-11-15,14,Novembre,Giovedì,Pomeriggio (12:00 - 17:59)
771,M,2024-11-14,01:26,Foggia,FG,Foggia,2024-11-15,14,Novembre,Giovedì,Notte (00:00 - 05:59)
772,F,2024-11-15,21:43,Foggia,FG,Foggia,2024-11-18,15,Novembre,Venerdì,Sera (18:00 - 23:59)
773,F,2024-11-16,09:12,Foggia,FG,Foggia,2024-11-18,16,Novembre,Sabato,Mattina (06:00 - 11:59)
774,M,2024-11-18,01:21,Foggia,FG,Foggia,2024-11-18,18,Novembre,Lunedì,Notte (00:00 - 05:59)
775,F,2024-11-15,23:08,Foggia,FG,Foggia,2024-11-18,15,Novembre,Venerdì,Sera (18:00 - 23:59)
776,F,2024-11-16,12:10,Foggia,FG,Foggia,2024-11-18,16,Novembre,Sabato,Pomeriggio (12:00 - 17:59)
777,F,2024-11-17,12:15,Foggia,FG,Foggia,2024-11-18,17,Novembre,Domenica,Pomeriggio (12:00 - 17:59)
778,M,2024-11-18,21:43,Foggia,FG,Foggia,2024-11-19,18,Novembre,Lunedì,Sera (18:00 - 23:59)
779,M,2024-11-16,08:12,Foggia,FG,Foggia,2024-11-19,16,Novembre,Sabato,Mattina (06:00 - 11:59)
780,M,2024-11-11,08:41,Piacenza,PC,Foggia,2024-11-19,11,Novembre,Lunedì,Mattina (06:00 - 11:59)
781,M,2024-11-18,16:38,Foggia,FG,Foggia,2024-11-19,18,Novembre,Lunedì,Pomeriggio (12:00 - 17:59)
782,F,2024-11-18,23:06,Foggia,FG,Foggia,2024-11-19,18,Novembre,Lunedì,Sera (18:00 - 23:59)
783,F,2024-11-19,15:28,Foggia,FG,Foggia,2024-11-20,19,Novembre,Martedì,Pomeriggio (12:00 - 17:59)
784,M,2024-11-19,09:50,San Severo,FG,Foggia,2024-11-20,19,Novembre,Martedì,Mattina (06:00 - 11:59)
785,F,2024-11-18,13:27,Foggia,FG,Foggia,2024-11-20,18,Novembre,Lunedì,Pomeriggio (12:00 - 17:59)
786,F,2024-11-18,18:55,Foggia,FG,Foggia,2024-11-20,18,Novembre,Lunedì,Sera (18:00 - 23:59)
787,F,2024-11-20,17:03,Foggia,FG,Foggia,2024-11-21,20,Novembre,Mercoledì,Pomeriggio (12:00 - 17:59)
788,F,2024-11-20,13:29,Foggia,FG,Foggia,2024-11-21,20,Novembre,Mercoledì,Pomeriggio (12:00 - 17:59)
789,M,2024-11-19,12:28,Foggia,FG,Foggia,2024-11-21,19,Novembre,Martedì,Pomeriggio (12:00 - 17:59)
790,F,2024-11-19,22:39,Foggia,FG,Foggia,2024-11-21,19,Novembre,Martedì,Sera (18:00 - 23:59)
791,M,2024-11-21,01:08,Foggia,FG,Foggia,2024-11-22,21,Novembre,Giovedì,Notte (00:00 - 05:59)
792,M,2024-11-21,17:51,Foggia,FG,Foggia,2024-11-22,21,Novembre,Giovedì,Pomeriggio (12:00 - 17:59)
793,F,2024-11-21,20:37,Foggia,FG,Foggia,2024-11-22,21,Novembre,Giovedì,Sera (18:00 - 23:59)
794,F,2024-11-22,12:24,Foggia,FG,Foggia,2024-11-25,22,Novembre,Venerdì,Pomeriggio (12:00 - 17:59)
795,M,2024-11-23,13:52,Foggia,FG,Foggia,2024-11-25,23,Novembre,Sabato,Pomeriggio (12:00 - 17:59)
796,M,2024-11-23,21:17,Foggia,FG,Foggia,2024-11-25,23,Novembre,Sabato,Sera (18:00 - 23:59)
797,M,2024-11-22,23:54,Foggia,FG,Foggia,2024-11-25,22,Novembre,Venerdì,Sera (18:00 - 23:59)
798,M,2024-11-24,09:25,Foggia,FG,Foggia,2024-11-25,24,Novembre,Domenica,Mattina (06:00 - 11:59)
799,M,2024-11-24,04:14,Foggia,FG,Foggia,2024-11-25,24,Novembre,Domenica,Notte (00:00 - 05:59)
800,M,2024-11-26,00:16,Foggia,FG,Foggia,2024-11-26,26,Novembre,Martedì,Notte (00:00 - 05:59)
801,M,2024-11-25,11:27,Foggia,FG,Foggia,2024-11-26,25,Novembre,Lunedì,Mattina (06:00 - 11:59)
802,F,2024-11-26,00:21,Foggia,FG,Foggia,2024-11-26,26,Novembre,Martedì,Notte (00:00 - 05:59)
803,M,2024-11-25,19:33,Foggia,FG,Foggia,2024-11-26,25,Novembre,Lunedì,Sera (18:00 - 23:59)
804,M,2024-11-25,18:25,Foggia,FG,Foggia,2024-11-26,25,Novembre,Lunedì,Sera (18:00 - 23:59)
805,M,2024-11-25,14:00,Foggia,FG,Foggia,2024-11-26,25,Novembre,Lunedì,Pomeriggio (12:00 - 17:59)
806,F,2024-11-25,09:41,Foggia,FG,Foggia,2024-11-27,25,Novembre,Lunedì,Mattina (06:00 - 11:59)
807,M,2024-11-26,21:50,Foggia,FG,Foggia,2024-11-27,26,Novembre,Martedì,Sera (18:00 - 23:59)
808,M,2024-11-27,13:50,Foggia,FG,Foggia,2024-11-28,27,Novembre,Mercoledì,Pomeriggio (12:00 - 17:59)
809,M,2024-11-26,12:18,Foggia,FG,Foggia,2024-11-28,26,Novembre,Martedì,Pomeriggio (12:00 - 17:59)
810,F,2024-11-27,13:47,Foggia,FG,Foggia,2024-11-28,27,Novembre,Mercoledì,Pomeriggio (12:00 - 17:59)
811,M,2024-11-27,18:39,Foggia,FG,Foggia,2024-11-28,27,Novembre,Mercoledì,Sera (18:00 - 23:59)
812,M,2024-11-26,12:18,Foggia,FG,Foggia,2024-11-28,26,Novembre,Martedì,Pomeriggio (12:00 - 17:59)
813,F,2024-11-26,17:22,Foggia,FG,Foggia,2024-11-28,26,Novembre,Martedì,Pomeriggio (12:00 - 17:59)
814,F,2024-11-26,19:10,Foggia,FG,Foggia,2024-11-28,26,Novembre,Martedì,Sera (18:00 - 23:59)
815,M,2024-11-28,09:37,Foggia,FG,Foggia,2024-11-29,28,Novembre,Giovedì,Mattina (06:00 - 11:59)
816,M,2024-11-28,09:36,Foggia,FG,Foggia,2024-11-29,28,Novembre,Giovedì,Mattina (06:00 - 11:59)
817,F,2024-11-28,09:38,Foggia,FG,Foggia,2024-11-29,28,Novembre,Giovedì,Mattina (06:00 - 11:59)
818,M,2024-11-28,09:58,Foggia,FG,Foggia,2024-11-29,28,Novembre,Giovedì,Mattina (06:00 - 11:59)
819,M,2024-12-02,05:39,Foggia,FG,Foggia,2024-12-02,2,Dicembre,Lunedì,Notte (00:00 - 05:59)
820,M,2024-11-30,12:06,Foggia,FG,Foggia,2024-12-02,30,Novembre,Sabato,Pomeriggio (12:00 - 17:59)
821,F,2024-11-29,12:03,Foggia,FG,Foggia,2024-12-02,29,Novembre,Venerdì,Pomeriggio (12:00 - 17:59)
822,M,2024-12-01,22:48,Foggia,FG,Foggia,2024-12-02,1,Dicembre,Domenica,Sera (18:00 - 23:59)
823,M,2024-11-30,18:42,Foggia,FG,Foggia,2024-12-02,30,Novembre,Sabato,Sera (18:00 - 23:59)
824,F,2024-11-29,14:20,Foggia,FG,Foggia,2024-12-02,29,Novembre,Venerdì,Pomeriggio (12:00 - 17:59)
825,M,2024-11-28,06:36,Foggia,FG,Foggia,2024-12-02,28,Novembre,Giovedì,Mattina (06:00 - 11:59)
826,M,2024-12-01,23:55,Foggia,FG,Foggia,2024-12-03,1,Dicembre,Domenica,Sera (18:00 - 23:59)
827,M,2024-12-03,02:09,Foggia,FG,Foggia,2024-12-03,3,Dicembre,Martedì,Notte (00:00 - 05:59)
828,M,2024-11-29,23:09,San Giovanni Rotondo,FG,Foggia,2024-12-04,29,Novembre,Venerdì,Sera (18:00 - 23:59)
829,F,2024-11-26,11:25,Abano Terme,PD,Foggia,2024-12-04,26,Novembre,Martedì,Mattina (06:00 - 11:59)
830,F,2024-12-03,16:16,Foggia,FG,Foggia,2024-12-04,3,Dicembre,Martedì,Pomeriggio (12:00 - 17:59)
831,F,2024-12-03,22:55,Foggia,FG,Foggia,2024-12-04,3,Dicembre,Martedì,Sera (18:00 - 23:59)
832,F,2024-12-04,17:35,Foggia,FG,Foggia,2024-12-05,4,Dicembre,Mercoledì,Pomeriggio (12:00 - 17:59)
833,M,2024-12-04,07:22,Foggia,FG,Foggia,2024-12-05,4,Dicembre,Mercoledì,Mattina (06:00 - 11:59)
834,M,2024-10-25,22:08,San Giovanni Rotondo,FG,Foggia,2024-12-05,25,Ottobre,Venerdì,Sera (18:00 - 23:59)
835,F,2024-12-05,09:20,Foggia,FG,Foggia,2024-12-05,5,Dicembre,Giovedì,Mattina (06:00 - 11:59)
836,M,2024-12-05,22:45,Foggia,FG,Foggia,2024-12-06,5,Dicembre,Giovedì,Sera (18:00 - 23:59)
837,M,2024-12-06,10:04,Foggia,FG,Foggia,2024-12-06,6,Dicembre,Venerdì,Mattina (06:00 - 11:59)
838,M,2024-12-07,12:23,Foggia,FG,Foggia,2024-12-09,7,Dicembre,Sabato,Pomeriggio (12:00 - 17:59)
839,M,2024-12-07,09:56,Foggia,FG,Foggia,2024-12-09,7,Dicembre,Sabato,Mattina (06:00 - 11:59)
840,M,2024-12-09,08:15,Foggia,FG,Foggia,2024-12-09,9,Dicembre,Lunedì,Mattina (06:00 - 11:59)
841,M,2024-12-06,08:45,Foggia,FG,Foggia,2024-12-09,6,Dicembre,Venerdì,Mattina (06:00 - 11:59)
842,M,2024-12-08,04:29,Foggia,FG,Foggia,2024-12-09,8,Dicembre,Domenica,Notte (00:00 - 05:59)
843,F,2024-12-08,13:07,Foggia,FG,Foggia,2024-12-10,8,Dicembre,Domenica,Pomeriggio (12:00 - 17:59)
844,F,2024-12-08,10:22,Foggia,FG,Foggia,2024-12-10,8,Dicembre,Domenica,Mattina (06:00 - 11:59)
845,F,2024-12-09,15:23,Foggia,FG,Foggia,2024-12-10,9,Dicembre,Lunedì,Pomeriggio (12:00 - 17:59)
846,M,2024-12-11,00:24,Foggia,FG,Foggia,2024-12-11,11,Dicembre,Mercoledì,Notte (00:00 - 05:59)
847,F,2024-12-10,13:50,Foggia,FG,Foggia,2024-12-11,10,Dicembre,Martedì,Pomeriggio (12:00 - 17:59)
848,M,2024-12-10,22:50,Foggia,FG,Foggia,2024-12-11,10,Dicembre,Martedì,Sera (18:00 - 23:59)
849,F,2024-12-11,19:41,Foggia,FG,Foggia,2024-12-12,11,Dicembre,Mercoledì,Sera (18:00 - 23:59)
850,M,2024-12-10,00:18,Roma,RM,Foggia,2024-12-12,10,Dicembre,Martedì,Notte (00:00 - 05:59)
851,M,2024-12-10,18:15,San Giovanni Rotondo,FG,Foggia,2024-12-12,10,Dicembre,Martedì,Sera (18:00 - 23:59)
852,F,2024-12-12,15:06,Foggia,FG,Foggia,2024-12-13,12,Dicembre,Giovedì,Pomeriggio (12:00 - 17:59)
853,F,2024-12-13,10:12,Foggia,FG,Foggia,2024-12-16,13,Dicembre,Venerdì,Mattina (06:00 - 11:59)
854,F,2024-12-16,08:39,Foggia,FG,Foggia,2024-12-16,16,Dicembre,Lunedì,Mattina (06:00 - 11:59)
855,F,2024-12-13,19:29,Foggia,FG,Foggia,2024-12-16,13,Dicembre,Venerdì,Sera (18:00 - 23:59)
856,F,2024-12-15,07:15,Foggia,FG,Foggia,2024-12-16,15,Dicembre,Domenica,Mattina (06:00 - 11:59)
857,M,2024-12-16,04:20,Foggia,FG,Foggia,2024-12-16,16,Dicembre,Lunedì,Notte (00:00 - 05:59)
858,M,2024-12-15,19:42,Foggia,FG,Foggia,2024-12-16,15,Dicembre,Domenica,Sera (18:00 - 23:59)
859,F,2024-12-14,16:50,Foggia,FG,Foggia,2024-12-16,14,Dicembre,Sabato,Pomeriggio (12:00 - 17:59)
860,M,2024-12-11,10:01,Foggia,FG,Foggia,2024-12-17,11,Dicembre,Mercoledì,Mattina (06:00 - 11:59)
861,M,2024-12-16,09:15,Foggia,FG,Foggia,2024-12-17,16,Dicembre,Lunedì,Mattina (06:00 - 11:59)
862,F,2024-12-15,13:04,Foggia,FG,Foggia,2024-12-17,15,Dicembre,Domenica,Pomeriggio (12:00 - 17:59)
863,M,2024-12-12,18:07,Foggia,FG,Foggia,2024-12-17,12,Dicembre,Giovedì,Sera (18:00 - 23:59)
864,M,2024-12-17,22:13,Foggia,FG,Foggia,2024-12-18,17,Dicembre,Martedì,Sera (18:00 - 23:59)
865,M,2024-12-17,19:47,Foggia,FG,Foggia,2024-12-18,17,Dicembre,Martedì,Sera (18:00 - 23:59)
866,M,2024-12-16,16:33,Foggia,FG,Foggia,2024-12-18,16,Dicembre,Lunedì,Pomeriggio (12:00 - 17:59)
867,F,2024-12-18,10:34,Foggia,FG,Foggia,2024-12-18,18,Dicembre,Mercoledì,Mattina (06:00 - 11:59)
868,F,2024-12-17,12:43,Foggia,FG,Foggia,2024-12-18,17,Dicembre,Martedì,Pomeriggio (12:00 - 17:59)
869,M,2024-12-18,13:14,Foggia,FG,Foggia,2024-12-19,18,Dicembre,Mercoledì,Pomeriggio (12:00 - 17:59)
870,F,2024-12-19,22:51,Foggia,FG,Foggia,2024-12-20,19,Dicembre,Giovedì,Sera (18:00 - 23:59)
871,F,2024-12-19,19:40,Foggia,FG,Foggia,2024-12-20,19,Dicembre,Giovedì,Sera (18:00 - 23:59)
872,M,2024-12-19,10:22,Foggia,FG,Foggia,2024-12-20,19,Dicembre,Giovedì,Mattina (06:00 - 11:59)
873,F,2024-12-18,22:23,Foggia,FG,Foggia,2024-12-20,18,Dicembre,Mercoledì,Sera (18:00 - 23:59)
874,F,2024-12-20,02:21,Foggia,FG,Foggia,2024-12-23,20,Dicembre,Venerdì,Notte (00:00 - 05:59)
875,M,2024-12-21,20:25,Foggia,FG,Foggia,2024-12-23,21,Dicembre,Sabato,Sera (18:00 - 23:59)
876,F,2024-12-21,05:07,Foggia,FG,Foggia,2024-12-23,21,Dicembre,Sabato,Notte (00:00 - 05:59)
877,F,2024-12-22,21:08,Foggia,FG,Foggia,2024-12-24,22,Dicembre,Domenica,Sera (18:00 - 23:59)
878,M,2024-12-21,12:54,Foggia,FG,Foggia,2024-12-24,21,Dicembre,Sabato,Pomeriggio (12:00 - 17:59)
879,M,2024-12-24,06:08,Foggia,FG,Foggia,2024-12-24,24,Dicembre,Martedì,Mattina (06:00 - 11:59)
880,M,2024-12-24,10:34,Foggia,FG,Foggia,2024-12-27,24,Dicembre,Martedì,Mattina (06:00 - 11:59)
881,M,2024-12-24,02:05,Foggia,FG,Foggia,2024-12-27,24,Dicembre,Martedì,Notte (00:00 - 05:59)
882,M,2024-12-26,22:54,Foggia,FG,Foggia,2024-12-27,26,Dicembre,Giovedì,Sera (18:00 - 23:59)
883,F,2024-12-26,17:30,Foggia,FG,Foggia,2024-12-27,26,Dicembre,Giovedì,Pomeriggio (12:00 - 17:59)
884,F,2024-12-25,16:50,Foggia,FG,Foggia,2024-12-27,25,Dicembre,Mercoledì,Pomeriggio (12:00 - 17:59)
885,M,2024-12-27,09:50,Foggia,FG,Foggia,2024-12-27,27,Dicembre,Venerdì,Mattina (06:00 - 11:59)
886,M,2024-12-25,00:59,Foggia,FG,Foggia,2024-12-27,25,Dicembre,Mercoledì,Notte (00:00 - 05:59)
887,F,2024-12-24,15:27,Foggia,FG,Foggia,2024-12-27,24,Dicembre,Martedì,Pomeriggio (12:00 - 17:59)
888,F,2024-12-29,13:12,Foggia,FG,Foggia,2024-12-30,29,Dicembre,Domenica,Pomeriggio (12:00 - 17:59)
889,M,2024-12-28,13:23,Foggia,FG,Foggia,2024-12-30,28,Dicembre,Sabato,Pomeriggio (12:00 - 17:59)
890,M,2024-12-28,22:47,Foggia,FG,Foggia,2024-12-30,28,Dicembre,Sabato,Sera (18:00 - 23:59)
891,M,2024-12-27,14:15,Foggia,FG,Foggia,2024-12-30,27,Dicembre,Venerdì,Pomeriggio (12:00 - 17:59)
892,M,2024-12-27,01:35,Foggia,FG,Foggia,2024-12-30,27,Dicembre,Venerdì,Notte (00:00 - 05:59)
893,M,2024-12-28,01:41,Foggia,FG,Foggia,2024-12-30,28,Dicembre,Sabato,Notte (00:00 - 05:59)
894,F,2024-12-30,05:01,Foggia,FG,Foggia,2024-12-31,30,Dicembre,Lunedì,Notte (00:00 - 05:59)
895,F,2024-12-31,08:31,Foggia,FG,Foggia,2024-12-31,31,Dicembre,Martedì,Mattina (06:00 - 11:59)
896,M,2024-12-30,10:28,Foggia,FG,Foggia,2025-01-02,30,Dicembre,Lunedì,Mattina (06:00 - 11:59)
897,M,2024-12-31,01:00,Foggia,FG,Foggia,2025-01-03,31,Dicembre,Martedì,Notte (00:00 - 05:59)
898,F,2024-12-28,00:31,Melfi,PZ,Foggia,2025-01-03,28,Dicembre,Sabato,Notte (00:00 - 05:59)
899,F,2024-12-31,22:55,Foggia,FG,Foggia,2025-01-10,31,Dicembre,Martedì,Sera (18:00 - 23:59)
